State,City,Station,Format,City Match,State Match,FCC URL
Alabama,Birmingham,WAGG/WENN,Heaven 610 WAGG,Yes,Yes,https://publicfiles.fcc.gov/am-profile/WAGG/rss
Alabama,Birmingham,WATV,V-94.9,Yes,Yes,https://publicfiles.fcc.gov/am-profile/WATV/rss
Alabama,Birmingham,WJLD,AM 1400 WJLD,No,Yes,https://publicfiles.fcc.gov/am-profile/WJLD/rss
Alabama,Birmingham,WBHJ,95.7 Jamz,No,Yes,https://publicfiles.fcc.gov/fm-profile/WBHJ/rss
Alabama,Birmingham,WBHK,98.7 Kiss FM,No,Yes,https://publicfiles.fcc.gov/fm-profile/WBHK/rss
Alabama,Birmingham,WMJJ-HD2,104.1 The Beat,No,No,
Alabama,Birmingham,WUHT,Hot 107.7,Yes,Yes,https://publicfiles.fcc.gov/fm-profile/WUHT/rss
Alabama,Birmingham,WERC-HD2 ,Hallelujah 105.1,No,No,
Alabama,Birmingham,WERC-HD3 ,B106.5,No,No,
Alabama,Birmingham,WDXB-HD2/W224CK - Birmingham's BIN 92.7 - Black-oriented news,Unknown Format,No,No,
Alabama,Mobile,WGOK,Gospel 900,Yes,Yes,https://publicfiles.fcc.gov/am-profile/WGOK/rss
Alabama,Mobile,WBLX-FM,93BLX,Yes,Yes,https://publicfiles.fcc.gov/fm-profile/WBLX-FM/rss
Alabama,Mobile,WDLT-FM,104.1 WDLT,No,Yes,https://publicfiles.fcc.gov/fm-profile/WDLT-FM/rss
Alabama,Mobile,WRGV - 107.3 The Beat - Mainstream urban,Unknown Format,No,No,
Alabama,Mobile,WMXC-HD2 - 100.3 Hallelujah FM - Urban Gospel,Unknown Format,No,No,
Alabama,Mobile,WZEW HD-3 - 92.5 The Soul Of Mobile - Urban Oldies,Unknown Format,No,No,
Alabama,Mobile,WASG - AM 540 - Urban gospel,Unknown Format,No,No,
Alabama,Mobile,WERM - Gospel 1220 - Urban gospel,Unknown Format,No,No,
Alabama,Huntsville,WDJL,Gospel Explosions 1000 AM,Yes,Yes,https://publicfiles.fcc.gov/am-profile/WDJL/rss
Alabama,Huntsville,WEUP,Worship 94.5,Yes,Yes,https://publicfiles.fcc.gov/am-profile/WEUP/rss
Alabama,Huntsville,WEUV,Worship 94.5 - simulcasts WEUP (AM),No,Yes,https://publicfiles.fcc.gov/am-profile/WEUV/rss
Alabama,Huntsville,WHIY,AM 1600 Party Oldies & Blues,Yes,Yes,https://publicfiles.fcc.gov/am-profile/WHIY/rss
Alabama,Huntsville,WEUP-FM,103.1 WEUP,No,Yes,https://publicfiles.fcc.gov/fm-profile/WEUP-FM/rss
Alabama,Huntsville,WEUZ,92.1 simulcasts WEUP-FM,No,No,https://publicfiles.fcc.gov/fm-profile/WEUZ/rss
Alabama,Huntsville,WHRP,94.1 WHRP,No,Yes,https://publicfiles.fcc.gov/fm-profile/WHRP/rss
Alabama,Huntsville,WLOR/WAHR HD-2 - 98.1 The Beat - Urban Contemporary,Unknown Format,Yes,Yes,https://publicfiles.fcc.gov/am-profile/WLOR/rss
Alabama,Montgomery,WXVI,Sonshine 16,Yes,Yes,https://publicfiles.fcc.gov/am-profile/WXVI/rss
Alabama,Montgomery,WHLW,Hallelujah 104.3,No,Yes,https://publicfiles.fcc.gov/fm-profile/WHLW/rss
Alabama,Montgomery,WJWZ,97.9 Jamz,No,Yes,https://publicfiles.fcc.gov/fm-profile/WJWZ/rss
Alabama,Montgomery,WKXN/WZKD,The Big KD,No,Yes,https://publicfiles.fcc.gov/fm-profile/WKXN/rss
Alabama,Montgomery,WWMG,Magic 97.1,No,Yes,https://publicfiles.fcc.gov/fm-profile/WWMG/rss
Alabama,Montgomery,WZHT,Hot 105.7,No,Yes,https://publicfiles.fcc.gov/fm-profile/WZHT/rss
Alabama,Montgomery,WQKS-HD2,Yo! 100.5,No,No,
Alabama,Montgomery,WMRK-HD3 - Praise 96.5 - Urban Gospel,Unknown Format,No,No,
Alabama,Montgomery,WMRK-HD2/W257DS - Montgomery's BIN 99.3 - Black-oriented news,Unknown Format,No,No,
Alabama,Tuscaloosa,WTSK,Praise 93.3 - Urban contemporary gospel,Yes,Yes,https://publicfiles.fcc.gov/am-profile/WTSK/rss
Alabama,Tuscaloosa,WMXB,Mix 107.3,Yes,Yes,https://publicfiles.fcc.gov/am-profile/WMXB/rss
Alabama,Tuscaloosa,WWPG,Q104,No,Yes,https://publicfiles.fcc.gov/fm-profile/WWPG/rss
Alabama,Tuscaloosa,WTUG-FM,92.9 WTUG,No,Yes,https://publicfiles.fcc.gov/fm-profile/WTUG-FM/rss
Alabama,Tuscaloosa,WALJ,105.1 The Block,No,Yes,https://publicfiles.fcc.gov/fm-profile/WALJ/rss
Alabama,Dothan,WDSA,AM 1320,Yes,Yes,https://publicfiles.fcc.gov/am-profile/WDSA/rss
Alabama,Dothan,WAGF-FM,101.3 The Touch,Yes,Yes,https://publicfiles.fcc.gov/fm-profile/WAGF-FM/rss
Alabama,Dothan,WBBK-FM,Magic 93.1,No,No,https://publicfiles.fcc.gov/fm-profile/WBBK-FM/rss
Alabama,Dothan,WJJN,92.1 Jamz,No,Yes,https://publicfiles.fcc.gov/fm-profile/WJJN/rss
Alabama,Dothan,WARB - V105.9 - Urban contemporary,Unknown Format,No,No,
Alabama,Florence/Muscle Shoals,"WZZA - AM 1410 The Soul Of The Shoals - Urban Adult Contemporary, Blues",Unknown Format,No,No,
Alabama,Florence/Muscle Shoals,WMXV-HD3 - 105.1 and 101.5 HD3 Music Muscle of the Shoals - Urban Contemporary,Unknown Format,No,No,
Alabama,Selma,WJAM - Jammin' 94.7 FM & 1340 AM - Urban Adult Contemporary,Unknown Format,No,No,
Alabama,Selma,WBFZ - Z-105.3 - Urban Contemporary/Urban Gospel,Unknown Format,No,No,
Alabama,Anniston/Oxford,WFZX - 99.1 & 99.3 The Vibe - Urban contemporary,Unknown Format,No,No,
Alabama,Anniston/Oxford,WHOG - 93.5 The Hog - Urban adult contemporary,Unknown Format,No,No,
Alabama,Pine Hill,WKXK - The Big KD - Urban adult contemporary,Unknown Format,No,No,
Alabama,Gadsden,WMGJ - Magic 1240 AM - Urban contemporary,Unknown Format,No,No,
Alabama,Demopolis,WZNJ - 106.5 The River - Urban contemporary/Urban oldies,Unknown Format,No,No,
Alabama,Livingston,WYLS - Rejoice WYLS - Black gospel,Unknown Format,No,No,
Alabama,Brantley,WXKD - The Big KD - Urban adult contemporary,Unknown Format,No,No,
Alabama,Russellville,WKAX - WKAX 1500 AM - Urban Gospel,Unknown Format,No,No,
Alaska,Anchorage,KFAT,K-Fat 929,Yes,Yes,https://publicfiles.fcc.gov/fm-profile/KFAT/rss
Arizona,Phoenix,KAJM,Mega 104.3,No,Yes,https://publicfiles.fcc.gov/fm-profile/KAJM/rss
Arizona,Phoenix,KKFR,Power 98.3 & 96.1,No,Yes,https://publicfiles.fcc.gov/fm-profile/KKFR/rss
Arizona,Phoenix,KZCE,101.1 The Bounce ,No,Yes,https://publicfiles.fcc.gov/fm-profile/KZCE/rss
Arizona,Phoenix,KQMR - Latino Mix 100.3 - Spanish rhythmic,Unknown Format,No,No,
Arizona,Phoenix,"KRDP - Radio Phoenix 90.7 - Urban Contemporary, Blues, Jazz, Community Radio",Unknown Format,No,No,
Arizona,Phoenix,KFUE - Fuego 106.7 - Bilingual Rhythmic Contemporary,Unknown Format,No,No,
Arizona,Tucson,KTGV,106.3 The Groove,No,Yes,https://publicfiles.fcc.gov/fm-profile/KTGV/rss
Arizona,Tucson,KOHT,Hot 98.3,No,Yes,https://publicfiles.fcc.gov/fm-profile/KOHT/rss
Arizona,Tucson,KSZR - 97.5 The Vibe - Classic hip hop,Unknown Format,No,No,
Arizona,Tucson,KMMA - Mega 97.1 - Spanish CHR,Unknown Format,No,No,
Arizona,Tucson,KZLZ-HD2/KLPX-HD3 - 92.5 Urbana - Spanish rhythmic,Unknown Format,No,No,
Arkansas,Little Rock,KIPR/KFOG,Power 92 Jams,No,Yes,https://publicfiles.fcc.gov/fm-profile/KIPR/rss
Arkansas,Little Rock,KHTE-FM - 96.5 The Box - Urban contemporary,Unknown Format,No,No,
Arkansas,Little Rock,KOKY,102.1 KOKY,No,Yes,https://publicfiles.fcc.gov/fm-profile/KOKY/rss
Arkansas,Little Rock,KPZK,Praise 102.5,No,Yes,https://publicfiles.fcc.gov/fm-profile/KPZK-FM/rss
Arkansas,Little Rock,KZTS - Rejoice 1380/105.5/103.3 - Urban Gospel,Unknown Format,No,No,
Arkansas,Little Rock,KWCP-LP - KWCP-LP 98.9 The Mix - Urban Adult Contemporary/Classic Hip Hop,Unknown Format,No,No,
Arkansas,Pine Bluff,KPBA - 99.3 The Beat - Mainstream Urban,Unknown Format,No,No,
Arkansas,Pine Bluff,KCAT,The Cat 92.7 FM & 1340 AM,Yes,Yes,https://publicfiles.fcc.gov/am-profile/KCAT/rss
Arkansas,Pine Bluff,KUAP,Hot 89.7,Yes,Yes,https://publicfiles.fcc.gov/fm-profile/KUAP/rss
Arkansas,Texarkana,KTOY,104.7 KTOY,Yes,Yes,https://publicfiles.fcc.gov/fm-profile/KTOY/rss
Arkansas,Texarkana,KZRB,B-103.5,No,No,https://publicfiles.fcc.gov/fm-profile/KZRB/rss
Arkansas,Texarkana,KMJI,Majic 93.3,No,Yes,https://publicfiles.fcc.gov/fm-profile/KMJI/rss
Arkansas,Blytheville,KAMJ,K Jam 93-9,No,Yes,https://publicfiles.fcc.gov/fm-profile/KAMJ/rss
Arkansas,Fayetteville,KQIS - Kiss 105.3/1340 - Mainstream Urban,Unknown Format,No,No,
Arkansas,Fayetteville,KDIV-LP - KDIV 98.7 - Urban Contemporary/Community Radio,Unknown Format,No,No,
Arkansas,Fayetteville,KXVB - 101.5 The Vibe - Rhythmic Contemporary/Classic Hip Hop,Unknown Format,No,No,
Arkansas,El Dorado/Camden,KMLK,"""FM 98.7""",No,Yes,https://publicfiles.fcc.gov/fm-profile/KMLK/rss
Arkansas,El Dorado/Camden,KMGC,"""Magic 104.5""",No,Yes,https://publicfiles.fcc.gov/fm-profile/KMGC/rss
Arkansas,Jonesboro,"KDXY-HD2 - ""Hot 107.5"" - Rhythmic Top 40",Unknown Format,No,No,
Arkansas,Jonesboro,"KLEK-LP - ""KLEK 102.5 FM"" - Urban contemporary",Unknown Format,No,No,
California,Los Angeles,KPWR,Power 106,Yes,Yes,https://publicfiles.fcc.gov/fm-profile/KPWR/rss
California,Los Angeles,KRRL,Real 92.3,Yes,Yes,https://publicfiles.fcc.gov/fm-profile/KRRL/rss
California,Los Angeles,KRRL-HD2 - Black Information Network - Black-oriented news,Unknown Format,No,No,
California,Los Angeles,KTWV,94.7 The Wave,Yes,Yes,https://publicfiles.fcc.gov/fm-profile/KTWV/rss
California,Los Angeles,KTWV-HD2,Wave Classics,No,No,
California,Los Angeles,KJLH,102.3 KJLH,No,Yes,https://publicfiles.fcc.gov/fm-profile/KJLH/rss
California,Los Angeles,KDAY,93.5 KDAY,No,Yes,https://publicfiles.fcc.gov/fm-profile/KDAY/rss
California,Los Angeles,KLLI - Cali 93.9 - Spanish rhythmic,Unknown Format,No,No,
California,Los Angeles,KBLA - 1580 KBLA - Urban/Progressive Talk,Unknown Format,No,No,
California,Los Angeles,KXOL-FM - Mega 96.3 - Spanish CHR,Unknown Format,No,No,
California,San Francisco/Oakland/San Jose,KDYA,Gospel 1190 the Light,No,Yes,https://publicfiles.fcc.gov/am-profile/KDYA/rss
California,San Francisco/Oakland/San Jose,KBLX,102.9 KBLX,No,Yes,https://publicfiles.fcc.gov/fm-profile/KBLX-FM/rss
California,San Francisco/Oakland/San Jose,KBLX HD-2 - Old School 102.9 HD-2 - Urban Oldies,Unknown Format,No,No,
California,San Francisco/Oakland/San Jose,KBLX HD-3 - Praise Bay Area - Urban Gospel,Unknown Format,No,No,
California,San Francisco/Oakland/San Jose,KMEL,106.1 KMEL,No,Yes,https://publicfiles.fcc.gov/fm-profile/KMEL/rss
California,San Francisco/Oakland/San Jose,KKSF - The Bay Area's BIN 910 - Black-oriented news,Unknown Format,No,No,
California,San Francisco/Oakland/San Jose,KRBQ,102.1 JAMS,No,Yes,https://publicfiles.fcc.gov/fm-profile/KRBQ/rss
California,San Francisco/Oakland/San Jose,KVVF/KVVZ - Latino Mix 105.7/100.7 - Spanish rhythmic,Unknown Format,No,Yes,https://publicfiles.fcc.gov/fm-profile/KVVF/rss
California,San Francisco/Oakland/San Jose,"KPOO - 89.5 KPOO - Jazz, Blues, R&B, Variety",Unknown Format,No,No,
California,San Diego,XHRM-FM,Magic 92.5,No,No,
California,San Diego,KSSX - Jam'n 95.7,"Rhythmic contemporary
KSSX-HD2 - Black Information Network - Black-oriented news",No,No,
California,San Diego,KSSX-HD2 - Black Information Network - Black-oriented news,Unknown Format,No,No,
California,San Diego,XHRST-FM - Mas Flo 107.7 - Latin urban,Unknown Format,No,No,
California,Sacramento,KDEE-LP,97.5,No,No,
California,Sacramento,KHYL,V101,No,Yes,https://publicfiles.fcc.gov/fm-profile/KHYL/rss
California,Sacramento,KSFM,102.5 KSFM,No,Yes,https://publicfiles.fcc.gov/fm-profile/KSFM/rss
California,Sacramento,KHHM - Fuego 101.9 - Bilingual Rhythmic CHR,Unknown Format,No,No,
California,Riverside/San Bernardino,KDEY-FM,93.5 KDAY,No,Yes,https://publicfiles.fcc.gov/fm-profile/KDEY-FM/rss
California,Riverside/San Bernardino,KGGI,99.1 KGGI,No,Yes,https://publicfiles.fcc.gov/fm-profile/KGGI/rss
California,Riverside/San Bernardino,KQIE,Old School 104.7,No,Yes,https://publicfiles.fcc.gov/fm-profile/KQIE/rss
California,Riverside/San Bernardino,KFOO - Riverside's BIN 1440 - Black-oriented news,Unknown Format,No,No,
California,Bakersfield,KKBB,Groove 99.3,Yes,Yes,https://publicfiles.fcc.gov/fm-profile/KKBB/rss
California,Bakersfield,KISV,HOT 94.1,Yes,Yes,https://publicfiles.fcc.gov/fm-profile/KISV/rss
California,Bakersfield,KVPM - Precious 95.7 - Urban Contemporary,Unknown Format,No,No,
California,Bakersfield,KBDS - Forge 103.9 - Rhythmic contemporary hit radio,Unknown Format,No,No,
California,Bakersfield,KBQF - Kalor 104.3 - Spanish rhythmic,Unknown Format,No,No,
California,Palmdale/Ridgecrest/High Desert,KRAJ,100.9 The Heat - Rhythmic Top 40,No,Yes,https://publicfiles.fcc.gov/fm-profile/KRAJ/rss
California,Stockton,KWIN,97.7 and 98.3 K-WIN,No,Yes,https://publicfiles.fcc.gov/fm-profile/KWIN/rss
California,Stockton,KQOD,Mega 100.1,Yes,Yes,https://publicfiles.fcc.gov/fm-profile/KQOD/rss
California,Modesto,KWNN,97.7 and 98.3 K-WIN,No,Yes,https://publicfiles.fcc.gov/fm-profile/KWNN/rss
California,Modesto,KHTN - Hot 104.7 - Rhythmic Top 40,Unknown Format,No,No,
California,Modesto,KCVR-FM - Fuego 98.9 - Bilingual Rhythmic CHR,Unknown Format,No,No,
California,Palm Springs,KKUU,U-92.7,No,Yes,https://publicfiles.fcc.gov/fm-profile/KKUU/rss
California,Palm Springs,KMRJ - Jammin 99.5 - Rhythmic AC,Unknown Format,No,No,
California,Palm Springs,KPST-FM - Fuego 103.5 - Bilingual Rhythmic CHR,Unknown Format,No,No,
California,Santa Barbara/Santa Maria/San Luis Obispo,KRTO - Fuego 97.1 - Hispanic rhythmic,Unknown Format,No,No,
California,Santa Barbara/Santa Maria/San Luis Obispo,KOSJ - Old School 94.1 & 1490 - Rhythmic oldies,Unknown Format,No,No,
California,Oxnard/Ventura County,KCAQ,Q95.9,No,Yes,https://publicfiles.fcc.gov/fm-profile/KCAQ/rss
California,Oxnard/Ventura County,KOCP - Old School 104.7 - Rhythmic Oldies,Unknown Format,No,No,
California,Oxnard/Ventura County,KJBU-LP - 99.3 The Rhythm Of The Coast - Urban Contemporary/Community Radio,Unknown Format,No,No,
California,Monterey/Salinas,KDON,102.5 K-Don,No,Yes,https://publicfiles.fcc.gov/fm-profile/KDON-FM/rss
California,Monterey/Salinas,KOCN,K-Ocean 105.1,No,Yes,https://publicfiles.fcc.gov/fm-profile/KOCN/rss
California,Fresno,KBOS,B95,No,Yes,https://publicfiles.fcc.gov/fm-profile/KBOS-FM/rss
California,Fresno,KMGV,Mega 97.9,Yes,Yes,https://publicfiles.fcc.gov/fm-profile/KMGV/rss
California,Fresno,KFBT,103.7 The Beat,No,Yes,https://publicfiles.fcc.gov/fm-profile/KFBT/rss
California,Fresno,KSEQ,Q97.1,No,Yes,https://publicfiles.fcc.gov/fm-profile/KSEQ/rss
California,Fresno,KOKO-FM - Jammin' 94.3 - Rhythmic/Urban Oldies,Unknown Format,No,No,
California,Fresno,KBHH - Forge 95.3 - Rhythmic contemporary hit radio,Unknown Format,No,No,
California,Fresno,KZLA - Old School 98.3 - Rhythmic Oldies,Unknown Format,No,No,
California,Victorville,KATJ HD-2 - HD-96.3 - Rhythmic Contemporary/Hip Hop,Unknown Format,No,No,
California,Barstow,KWIE - Old School 101.3 - Rhythmic oldies,Unknown Format,No,No,
California,Chico,KZSZ-HD2 - 93.3 Urbana - Spanish rhythmic,Unknown Format,No,No,
California,Santa Rosa,KSXY - Latino 100.9 - Spanish CHR,Unknown Format,No,No,
Colorado,Denver,KQKS,KS107.5,No,Yes,https://publicfiles.fcc.gov/fm-profile/KQKS/rss
Colorado,Denver,KUVO HD-2 - The Drop 104.7 & 89.3 HD-2 - Urban Contemporary,Unknown Format,No,No,
Colorado,Denver,KFCO - KFCO 107.1 - Christian Hip Hop,Unknown Format,No,No,
Colorado,Colorado Springs,KIBT,96.1 The Beat,No,Yes,https://publicfiles.fcc.gov/fm-profile/KIBT/rss
Colorado,Colorado Springs,KIBT HD-2 - Urban Oldies,Unknown Format,No,No,
Colorado,Fort Collins,KARS-FM - Power 102.9 - Rhythmic Top 40/Hip Hop,Unknown Format,No,No,
Colorado,Fort Collins,KJMP - Jump 104.5 - Classic Hip Hop,Unknown Format,No,No,
Connecticut,Hartford/New Haven,WQTQ - Qute 89.9 - Urban Contemporary (Hartford),Unknown Format,No,No,
Connecticut,Hartford/New Haven,WYBC-FM,94.3 WYBC,No,Yes,https://publicfiles.fcc.gov/fm-profile/WYBC-FM/rss
Connecticut,Hartford/New Haven,WKCI-HD2 - 100.9 The Beat - Mainstream urban (New Haven),Unknown Format,No,No,
Connecticut,Hartford/New Haven,WZMX,Hot 93.7,No,Yes,https://publicfiles.fcc.gov/fm-profile/WZMX/rss
Connecticut,Hartford/New Haven,WBOM - 102.5 Hartford's R&B Station - Urban Adult Contemporary (Meriden/Hartford),Unknown Format,No,No,
Connecticut,Hartford/New Haven,WLAT/WKND - Mega 101.7 & 97.5 - Spanish tropical,Unknown Format,No,Yes,https://publicfiles.fcc.gov/am-profile/WLAT/rss
Connecticut,Hartford/New Haven,WMRQ-HD2 - Bomba FM - Spanish tropical (Hartford/Meriden),Unknown Format,No,No,
Connecticut,Hartford/New Haven,WRYM/WWCO/WCUM - Viva Radio - Latin pop/Tropical music/Reggaeton (Hartford/New Haven),Unknown Format,No,Yes,https://publicfiles.fcc.gov/am-profile/WRYM/rss
Connecticut,New London,WWRX,Jammin' 107.7 Rhythmic contemporary hit radio,No,Yes,https://publicfiles.fcc.gov/fm-profile/WWRX/rss
Connecticut,New London,WDUP-LP - 92.9 FM WDUP Timeless Hip Hop and R&B - Urban Adult Contemporary,Unknown Format,No,No,
Connecticut,Bloomfield,WGZO-LP - Heartbeat 98.7 - Urban gospel,Unknown Format,No,No,
Delaware,Wilmington,WXHL-FM - Reach Gospel Radio 89.1 - Urban gospel,Unknown Format,No,No,
Delaware,Wilmington,WOCQ - Maxima 104.1 - Spanish CHR,Unknown Format,No,No,
District of Columbia,Washington,WOL,News Talk 1450 - Urban News/Talk,No,No,https://publicfiles.fcc.gov/am-profile/KVCK/rss
District of Columbia,Washington,WYCB,Spirit 1340,Yes,No,https://publicfiles.fcc.gov/am-profile/WYCB/rss
District of Columbia,Washington,WPRS-FM,Praise 104.1,No,No,https://publicfiles.fcc.gov/fm-profile/WPRS-FM/rss
District of Columbia,Washington,WHUR,96.3 WHUR,Yes,No,https://publicfiles.fcc.gov/fm-profile/WHUR-FM/rss
District of Columbia,Washington,WKYS,93.9 WKYS,Yes,No,https://publicfiles.fcc.gov/fm-profile/WKYS/rss
District of Columbia,Washington,WMMJ/WDCJ,Majic 102.3/92.7,No,No,https://publicfiles.fcc.gov/fm-profile/WMMJ/rss
District of Columbia,Washington,WPGC-FM,WPGC 95.5,No,No,https://publicfiles.fcc.gov/fm-profile/WPGC-FM/rss
District of Columbia,Washington,WUST/WMZQ-HD2 - DMV's BIN 1120 - Black-oriented news,Unknown Format,Yes,No,https://publicfiles.fcc.gov/am-profile/WUST/rss
District of Columbia,Washington,WLZL - El Zol 107.9 - Bilingual Rhythmic CHR,Unknown Format,No,No,
Florida,Miami/Fort Lauderdale,WMBM,1490 - Urban contemporary gospel,No,Yes,https://publicfiles.fcc.gov/am-profile/WMBM/rss
Florida,Miami/Fort Lauderdale,WMIB,103.5 The Beat,No,Yes,https://publicfiles.fcc.gov/fm-profile/WMIB/rss
Florida,Miami/Fort Lauderdale,WMIB HD-3 - PK's Throwback 105.5 - Classic Hip Hop,Unknown Format,No,No,
Florida,Miami/Fort Lauderdale,WEDR,99 Jamz,No,Yes,https://publicfiles.fcc.gov/fm-profile/WEDR/rss
Florida,Miami/Fort Lauderdale,WHQT,Hot 105,No,Yes,https://publicfiles.fcc.gov/fm-profile/WHQT/rss
Florida,Miami/Fort Lauderdale,WXBN - Miami's BIN 880 - Black-oriented news,Unknown Format,No,No,
Florida,Miami/Fort Lauderdale,WEXY - AM 1520 - Urban contemporary gospel/Brokered programming,Unknown Format,No,No,
Florida,Miami/Fort Lauderdale,WPOW - POWER 96 - Rhythmic Adult Contemporary,Unknown Format,No,No,
Florida,Miami/Fort Lauderdale,WZTU - Tu 94.9 - Spanish Top 40,Unknown Format,No,No,
Florida,Miami/Fort Lauderdale,WRMA - Ritmo 95.7 - Cubatón,Unknown Format,No,No,
Florida,Miami/Fort Lauderdale,WRTO-FM - Mix 98.3 - Spanish tropical,Unknown Format,No,No,
Florida,Miami/Fort Lauderdale,WXDJ - El Zol 106.7 - Spanish CHR,Unknown Format,No,No,
Florida,Tampa Bay Area,WBTP,95.7 The Beat,No,Yes,https://publicfiles.fcc.gov/fm-profile/WBTP/rss
Florida,Tampa Bay Area,WBTP HD-2,Black Information Network - Black-oriented news,No,No,
Florida,Tampa Bay Area,WLLD,Wild 94.1,No,Yes,https://publicfiles.fcc.gov/fm-profile/WLLD/rss
Florida,Tampa Bay Area,WTMP - 1150 AM & 102.1 FM WTMP - Urban oldies,Unknown Format,No,No,
Florida,Tampa Bay Area,WTBV - 101.5 The Vibe - Urban Adult Contemporary,Unknown Format,No,No,
Florida,Tampa Bay Area,"WMNF HD-2 - The Urban Cafe 88.5 HD-2 - R&B, Neo-Soul, Classic Hip Hop, Variety",Unknown Format,No,No,
Florida,Jacksonville,WZAZ,Gospel 1400 the Light,Yes,Yes,https://publicfiles.fcc.gov/am-profile/WZAZ/rss
Florida,Jacksonville,WJBT,93.3 The Beat Jamz,No,Yes,https://publicfiles.fcc.gov/fm-profile/WJBT/rss
Florida,Jacksonville,WJBT HD-2 - Jacksonville's BIN 104.1 - Black-Oriented News,Unknown Format,No,No,
Florida,Jacksonville,WSOL-FM,V-101.5,No,Yes,https://publicfiles.fcc.gov/fm-profile/WSOL-FM/rss
Florida,Jacksonville,WCGL,The Victory Station AM 1360 & 94.7 - Urban contemporary gospel,Yes,Yes,https://publicfiles.fcc.gov/am-profile/WCGL/rss
Florida,Jacksonville,WJGL-HD2,Power 106.1 - Urban contemporary,No,No,
Florida,Jacksonville,WJNJ,Pure Radio 1320 & 103.7 - Urban contemporary gospel,Yes,Yes,https://publicfiles.fcc.gov/am-profile/WJNJ/rss
Florida,Jacksonville,WHJX - Hot 106.5 - Urban Adult Contemporary,Unknown Format,No,No,
Florida,Jacksonville,WKSL HD-3 - Praise 107.9 - Urban contemporary gospel,Unknown Format,No,No,
Florida,Jacksonville,WYKB - Flow 105.3 - Spanish rhythmic,Unknown Format,No,No,
Florida,Jacksonville,WEWC/WJXR - Latina 92.1 - Spanish tropical,Unknown Format,No,Yes,https://publicfiles.fcc.gov/am-profile/WEWC/rss
Florida,Jacksonville,WQIK-HD2 - Rumba 106.9 - Spanish tropical,Unknown Format,No,No,
Florida,Orlando/Daytona Beach,WOKB,WOKB 1680 AM,No,Yes,https://publicfiles.fcc.gov/am-profile/WOKB/rss
Florida,Orlando/Daytona Beach,WCFB,Star 94.5,No,Yes,https://publicfiles.fcc.gov/fm-profile/WCFB/rss
Florida,Orlando/Daytona Beach,WTKS-HD2 ,104.5 The Beat,No,No,
Florida,Orlando/Daytona Beach,"WPOZ-HD3 - ""G-Praise 106.3/93.3"" — Urban contemporary gospel",Unknown Format,No,No,
Florida,Orlando/Daytona Beach,WPOZ-HD2 -  Hot 95.9 — Christian Hip Hop,Unknown Format,No,No,
Florida,Orlando/Daytona Beach,WHPB-LP - 98.5 The Wire - Urban Contemporary/Community Radio,Unknown Format,No,No,
Florida,Orlando/Daytona Beach,WHOG HD-2 - Hot 94.1 - Urban Contemporary (Daytona Beach),Unknown Format,No,No,
Florida,Orlando/Daytona Beach,WRWS-LP - Urban contemporary,Unknown Format,No,No,
Florida,Orlando/Daytona Beach,WURB-LP - Urbana 92.7 - Spanish urban,Unknown Format,No,No,
Florida,Orlando/Daytona Beach,WFYY - Fly 103.1 - Rhythmic contemporary,Unknown Format,No,No,
Florida,Orlando/Daytona Beach,"WRUM - Rumba 100.3 - Latin pop/Reggaeton/Tropical music
WRUM-HD2 - Mega 97.1 - Spanish CHR",Unknown Format,No,No,
Florida,Orlando/Daytona Beach,WRUM-HD2 - Mega 97.1 - Spanish CHR,Unknown Format,No,No,
Florida,Orlando/Daytona Beach,WPYO - El Zol 95.3 - Spanish tropical,Unknown Format,No,No,
Florida,Orlando/Daytona Beach,WOEX - Exitos 96.5 - Spanish CHR,Unknown Format,No,No,
Florida,West Palm Beach,WMBX,X102.3,No,Yes,https://publicfiles.fcc.gov/fm-profile/WMBX/rss
Florida,West Palm Beach,WLLY HD-3 - Yo 107.1 - Classic Hip Hop,Unknown Format,No,No,
Florida,West Palm Beach,WZZR HD-2 - Jam'n 93.3 - Classic Hip Hop,Unknown Format,No,No,
Florida,West Palm Beach,WRLX - Mia 94.3 - Spanish CHR,Unknown Format,No,No,
Florida,West Palm Beach,WFLM,104.7 The Flame,No,Yes,https://publicfiles.fcc.gov/fm-profile/WFLM/rss
Florida,Fort Myers/Naples,WZKO - 1350/107.5 Jamz - Urban Adult Contemporary,Unknown Format,No,No,
Florida,Fort Myers/Naples,WBTT,105.5 the Beat,No,Yes,https://publicfiles.fcc.gov/fm-profile/WBTT/rss
Florida,Fort Myers/Naples,WFFY - Fly 98.5 - Rhythmic Contemporary/Hip-Hop,Unknown Format,No,No,
Florida,Fort Myers/Naples,WOKE-LP - 94.9 The City - Urban Contemporary,Unknown Format,No,No,
Florida,Fort Myers/Naples,WXKB HD-2 - 96.5 & 101.5 The Bounce - Classic Hip Hop,Unknown Format,No,No,
Florida,Fort Myers/Naples,WHEL - 93.7 Latino - Spanish CHR,Unknown Format,No,No,
Florida,Fort Myers/Naples,WWCN - Playa 99.3 - Spanish tropical,Unknown Format,No,No,
Florida,Pensacola,WRNE,Choice 106.9 & AM 980,No,Yes,https://publicfiles.fcc.gov/am-profile/WRNE/rss
Florida,Pensacola,WNVY,1090AM the Light,No,Yes,https://publicfiles.fcc.gov/am-profile/WNVY/rss
Florida,Pensacola,WBLX-FM,93BLX,No,No,https://publicfiles.fcc.gov/fm-profile/WBLX-FM/rss
Florida,Pensacola,WRRX,Magic 106.1,No,Yes,https://publicfiles.fcc.gov/fm-profile/WRRX/rss
Florida,Pensacola,WRGV - 107.3 The Beat - Mainstream urban,Unknown Format,No,No,
Florida,Pensacola,WMEZ - Hot 94.1 - Rhythmic Contemporary,Unknown Format,No,No,
Florida,Tallahassee,WSTT,AM 730 - Urban contemporary gospel,No,No,https://publicfiles.fcc.gov/am-profile/WSTT/rss
Florida,Tallahassee,WHBX,96.1 Jamz,Yes,Yes,https://publicfiles.fcc.gov/fm-profile/WHBX/rss
Florida,Tallahassee,WWLD,Blazin' 102.3,No,No,https://publicfiles.fcc.gov/fm-profile/WWLD/rss
Florida,Tallahassee,WANM - The Flava Station 90.5 - Urban Contemporary/College Radio,Unknown Format,No,No,
Florida,Tallahassee,WWLD HD-2 - Heaven 98.3 - Urban Gospel,Unknown Format,No,No,
Florida,Tallahassee,WGMY HD-2 - 105.3 The Beat - Mainstream urban,Unknown Format,No,No,
Florida,Tallahassee,WGMY HD-3 - Tallahassee's BIN 100.3 - Black-oriented news,Unknown Format,No,No,
Florida,Tallahassee,WQTL - Vibe 106.1 - Rhythmic Adult Contemporary,Unknown Format,No,No,
Florida,Panama City,WEBZ,99.3 The Beat,No,Yes,https://publicfiles.fcc.gov/fm-profile/WEBZ/rss
Florida,Gainesville,WTMG,Magic 101.3,No,Yes,https://publicfiles.fcc.gov/fm-profile/WTMG/rss
Florida,Gainesville,WAJD - 98.9 Jamz - Urban contemporary,Unknown Format,No,No,
Florida,Gainesville,WDVH - R&B 94.1 - Urban oldies-leaning urban adult contemporary,Unknown Format,No,No,
Florida,Gainesville,WKTK-HD2/WRBD/WMOP - Power 92.1 - Urban contemporary,Unknown Format,No,No,
Florida,Vero Beach/Fort Pierce,WQCP - Q-91.1 - Urban Adult Contemporary,Unknown Format,No,No,
Florida,Cocoa Beach,WRRJ - Reggae,Unknown Format,No,No,
Florida,Lakeland/Winter Haven,WSIR - Family Radio 1490 - Urban Gospel,Unknown Format,No,No,
Florida,Lake City,WUAF-LP - Angel 107.9 - Gospel,Unknown Format,No,No,
Georgia,Atlanta,WAOK,News/Talk 1380 WAOK - Urban News/Talk,Yes,Yes,https://publicfiles.fcc.gov/am-profile/WAOK/rss
Georgia,Atlanta,WPZE,Praise 102.5,No,Yes,https://publicfiles.fcc.gov/fm-profile/WPZE/rss
Georgia,Atlanta,WAMJ/WUMJ,Majic 107.5/97.5,No,Yes,https://publicfiles.fcc.gov/fm-profile/WAMJ/rss
Georgia,Atlanta,WALR-FM,Kiss 104.1,No,Yes,https://publicfiles.fcc.gov/fm-profile/WALR-FM/rss
Georgia,Atlanta,WHTA,Hot 107.9,No,Yes,https://publicfiles.fcc.gov/fm-profile/WHTA/rss
Georgia,Atlanta,WRDG - 96.1 The Beat - Urban contemporary,Unknown Format,No,No,
Georgia,Atlanta,W233BF WIPK WFDR-FM WWSZ,Streetz 94.5,No,No,
Georgia,Atlanta,WVEE,V-103,Yes,Yes,https://publicfiles.fcc.gov/fm-profile/WVEE/rss
Georgia,Atlanta,W275BK,Classix 102.9,No,No,
Georgia,Atlanta,W250BC,OG 97.9,No,No,
Georgia,Atlanta,WSTR - Star 94 - Rhythmic Adult Contemporary,Unknown Format,No,No,
Georgia,Atlanta,WBIN - Atlanta's BIN 640 - Black-oriented news,Unknown Format,No,No,
Georgia,Atlanta,"WYKG - 105.5 FM/AM 1430 The King - Urban Oldies, Classic Hip-Hop",Unknown Format,No,No,
Georgia,Atlanta,WBZY - Z105.7 - Spanish CHR,Unknown Format,No,No,
Georgia,Atlanta,WXJO - My City 104.5 - Urban Gospel,Unknown Format,No,No,
Georgia,Atlanta,WIGO - Pacesetter 1570 AM -  Urban adult contemporary,Unknown Format,No,No,
Georgia,Augusta,WEZO - 1230 The Blaze - Urban AC/Black Gospel,Unknown Format,No,No,
Georgia,Augusta,WNRR - Gospel 1380 - Urban Gospel,Unknown Format,No,No,
Georgia,Augusta,WTHB,Praise 1550 AM,Yes,Yes,https://publicfiles.fcc.gov/am-profile/WTHB/rss
Georgia,Augusta,WKZK,The Spirit 103.7 FM & 1600 AM,No,No,https://publicfiles.fcc.gov/am-profile/WKZK/rss
Georgia,Augusta,WAEG,Smooth Jazz 92.3,No,Yes,https://publicfiles.fcc.gov/fm-profile/WAEG/rss
Georgia,Augusta,WAAW,Shout 94.7,No,No,https://publicfiles.fcc.gov/fm-profile/WAAW/rss
Georgia,Augusta,WKSP,96.3 Kiss FM,No,No,https://publicfiles.fcc.gov/fm-profile/WKSP/rss
Georgia,Augusta,WTHB,Praise 96.9,Yes,Yes,https://publicfiles.fcc.gov/am-profile/WTHB/rss
Georgia,Augusta,WIIZ,The Wiz 97.9,No,No,https://publicfiles.fcc.gov/fm-profile/WIIZ/rss
Georgia,Augusta,WAKB,Magic 100.9 ,No,Yes,https://publicfiles.fcc.gov/fm-profile/WAKB/rss
Georgia,Augusta,WFXA,Foxie 103 Jamz,Yes,Yes,https://publicfiles.fcc.gov/fm-profile/WFXA-FM/rss
Georgia,Augusta,WKZK,Sonshine 103.7,No,No,https://publicfiles.fcc.gov/am-profile/WKZK/rss
Georgia,Augusta,WPRW,Power 107,No,Yes,https://publicfiles.fcc.gov/fm-profile/WPRW-FM/rss
Georgia,Augusta,WCHZ-FM,HOT 95.5/93.1,No,Yes,https://publicfiles.fcc.gov/fm-profile/WCHZ-FM/rss
Georgia,Augusta,WYBO - 92.9 The Soul Mine - Rhythmic Oldies,Unknown Format,No,No,
Georgia,Augusta,WYNF - Augusta's BIN 1340 - Black-oriented news,Unknown Format,No,No,
Georgia,Savannah,WSOK,1230/99.7 WSOK,Yes,Yes,https://publicfiles.fcc.gov/am-profile/WSOK/rss
Georgia,Savannah,WEAS-FM − E93 − Mainstream Urban,Unknown Format,No,No,
Georgia,Savannah,WQBT,94.1 The Beat,Yes,Yes,https://publicfiles.fcc.gov/fm-profile/WQBT/rss
Georgia,Savannah,WLVH,Love 101.1,No,No,https://publicfiles.fcc.gov/fm-profile/WLVH/rss
Georgia,Savannah,WTYB,Magic 103.9,No,No,https://publicfiles.fcc.gov/fm-profile/WTYB/rss
Georgia,Savannah,WXYY - G100 - Rhythmic contemporary,Unknown Format,No,No,
Georgia,Columbus,WOKS,WOKS AM1340,Yes,Yes,https://publicfiles.fcc.gov/am-profile/WOKS/rss
Georgia,Columbus,WAGH,Magic 101.3,No,No,https://publicfiles.fcc.gov/fm-profile/WAGH/rss
Georgia,Columbus,WBFA,98.3 the Beat,No,No,https://publicfiles.fcc.gov/fm-profile/WBFA/rss
Georgia,Columbus,WEAM-FM,Praise 100.7,No,Yes,https://publicfiles.fcc.gov/fm-profile/WEAM-FM/rss
Georgia,Columbus,WFXE,Foxie 105,Yes,Yes,https://publicfiles.fcc.gov/fm-profile/WFXE/rss
Georgia,Columbus,WKZJ,K-92.7,No,No,https://publicfiles.fcc.gov/fm-profile/WKZJ/rss
Georgia,Columbus,WKCN-HD2,HIP HOP 106.5,No,No,
Georgia,Columbus,WTLM - Hallelujah 1520 AM - Urban contemporary gospel,Unknown Format,No,No,
Georgia,Columbus,WHTY/W234BX - Columbus’ BIN 94.7/1460 - Black-oriented news,Unknown Format,No,No,https://publicfiles.fcc.gov/am-profile/WHTY/rss
Georgia,Columbus,WLTC-HD2 - Smooth RnB 92.1 - Urban adult contemporary,Unknown Format,No,No,
Georgia,Macon,WFXM,Power 107.1,No,Yes,https://publicfiles.fcc.gov/fm-profile/WFXM/rss
Georgia,Macon,WIBB-FM,97.9 WIBB,No,Yes,https://publicfiles.fcc.gov/fm-profile/WIBB-FM/rss
Georgia,Macon,WLZN,MACON 92.3,Yes,Yes,https://publicfiles.fcc.gov/fm-profile/WLZN/rss
Georgia,Macon,WQMJ,Majic 100 FM,No,Yes,https://publicfiles.fcc.gov/fm-profile/WQMJ/rss
Georgia,Macon,WRBV,V-101.7,No,Yes,https://publicfiles.fcc.gov/fm-profile/WRBV/rss
Georgia,Macon,WRWR,Kiss 105.1/107.5,No,Yes,https://publicfiles.fcc.gov/fm-profile/WRWR/rss
Georgia,Macon,WYPZ - Praise 99.5 - Urban gospel,Unknown Format,No,No,
Georgia,Macon,WMGE - Macon's BIN 1670 - Black-oriented news,Unknown Format,No,No,
Georgia,Macon,WUXL - My City - Urban gospel,Unknown Format,No,No,
Georgia,Albany,"WUTU - ""Old School Classics 88.3 Urban Oldies",Unknown Format,No,No,
Georgia,Albany,WJYZ,AM960 the Light,Yes,Yes,https://publicfiles.fcc.gov/am-profile/WJYZ/rss
Georgia,Albany,WJIZ,96.3 WJIZ,Yes,Yes,https://publicfiles.fcc.gov/fm-profile/WJIZ-FM/rss
Georgia,Albany,WQVE,V-101.7,Yes,Yes,https://publicfiles.fcc.gov/fm-profile/WQVE/rss
Georgia,Albany,WMRZ,98.1 Kiss FM - Urban adult contemporary,No,Yes,https://publicfiles.fcc.gov/fm-profile/WMRZ/rss
Georgia,Albany,WZBN,Praise 105.5 Urban contemporary gospel,No,Yes,https://publicfiles.fcc.gov/fm-profile/WZBN/rss
Georgia,Albany,WMRG,"""Streetz 93.5"" - Urban contemporary",No,Yes,https://publicfiles.fcc.gov/fm-profile/WMRG/rss
Georgia,Albany,"WASU-LP - ""Real 92.7"" - Urban contemporary",Unknown Format,No,No,
Georgia,Albany,"WTTY - ""97.7 The Beat"" - Urban Adult Contemporary",Unknown Format,No,No,
Georgia,Brunswick,WSOL-FM - V-101.5,Urban Adult Contemporary,No,No,
Georgia,Brunswick,WBGA - Real 96.3,Urban  contemporary,No,No,
Georgia,Valdosta,WGUN,Magic 950,Yes,Yes,https://publicfiles.fcc.gov/am-profile/WGUN/rss
Georgia,Valdosta,WHLJ-FM,Foxy 97.5,No,Yes,https://publicfiles.fcc.gov/fm-profile/WHLJ-FM/rss
Georgia,Valdosta,WGOV-FM,Power 96.7,Yes,Yes,https://publicfiles.fcc.gov/fm-profile/WGOV-FM/rss
Georgia,Valdosta,WSTI-FM,Star 105.3,No,Yes,https://publicfiles.fcc.gov/fm-profile/WSTI-FM/rss
Georgia,Valdosta,WWRQ-FM -  107.9 The Beat - Urban contemporary,Unknown Format,No,No,
Georgia,Elberton,WVGC - Jams 1400 - Urban adult contemporary,Unknown Format,No,No,
Georgia,Dublin,WDBN - 107.9 Jamz - Urban contemporary,Unknown Format,No,No,
Georgia,Irwinton,WVKX - Love 103.7 - Urban contemporary,Unknown Format,No,No,
Georgia,Lincolnton,WLCZ - Gospel/Inspirational,Unknown Format,No,No,
Hawaii,Honolulu,KUBT,93.9 The Beat,Yes,Yes,https://publicfiles.fcc.gov/fm-profile/KUBT/rss
Hawaii,Honolulu,KUBT HD-2 - Jamz Hawaii - Classic Hip Hop,Unknown Format,No,No,
Hawaii,Honolulu,KUMU-FM,94.7 KUMU,Yes,Yes,https://publicfiles.fcc.gov/fm-profile/KUMU-FM/rss
Hawaii,Honolulu,KPHW - Power 104.3 - Rhythmic Top 40,Unknown Format,No,No,
Hawaii,Honolulu,KQMQ-FM - HI93 - Contemporary Hawaiian/Reggae,Unknown Format,No,No,
Hawaii,Honolulu,KDNN - Island 98.5 - Hawaiian contemporary hits,Unknown Format,No,No,
Hawaii,Honolulu,KCCN-FM - FM100 - Hawaiian contemporary hits,Unknown Format,No,No,
Hawaii,Maui,KJMD,Da Jam 98.3,No,Yes,https://publicfiles.fcc.gov/fm-profile/KJMD/rss
Hawaii,Maui,KLHI-FM - HI92 - Hawaiian/Reggae,Unknown Format,No,No,
Hawaii,Kauai,KJMQ,98.1 Jamz,No,Yes,https://publicfiles.fcc.gov/fm-profile/KJMQ/rss
Hawaii,Kauai,KSRF - HI95  - Contemporary Hawaiian/Reggae,Unknown Format,No,No,
Idaho,Boise,KWYD - Wild 101.1,Rhythmic contemporary,No,No,
Idaho,Boise,KFXD - Power 105.5 - Rhythmic contemporary,Unknown Format,No,No,
Idaho,Boise,KOAY - Project 88.7 - Rhythmic CHR,Unknown Format,No,No,
Idaho,Twin Falls,KXTA-HD3 - Mega 97.5 - Bilingual CHR,Unknown Format,No,No,
Illinois,Bloomington,WXRJ-LP - Real Radio 94.9 - Urban Adult Contemporary,Unknown Format,No,No,
Illinois,Chicago,WGRB,Inspiration 1390,Yes,Yes,https://publicfiles.fcc.gov/am-profile/WGRB/rss
Illinois,Chicago,WGCI-FM,107.5 WGCI,Yes,Yes,https://publicfiles.fcc.gov/fm-profile/WGCI-FM/rss
Illinois,Chicago,WVAZ,V103,No,Yes,https://publicfiles.fcc.gov/fm-profile/WVAZ/rss
Illinois,Chicago,WPWX,Power 92,No,No,https://publicfiles.fcc.gov/fm-profile/WPWX/rss
Illinois,Chicago,WBBM-FM - B96 - Rhythmic Top 40,Unknown Format,No,No,
Illinois,Chicago,WSRB,106.3,No,Yes,https://publicfiles.fcc.gov/fm-profile/WSRB/rss
Illinois,Chicago,WBMX - 104.3 Jams - Classic Hip Hop,Unknown Format,No,No,
Illinois,Chicago,WVON - AM 1690 WVON - Urban Talk,Unknown Format,No,No,
Illinois,Chicago,WYCA - Rejoice 102.3 - Urban Gospel,Unknown Format,No,No,
Illinois,Chicago,WWHN - Comfortable Radio - Urban AC,Unknown Format,No,No,
Illinois,Chicago,WOJO-HD2 - Streetz 95.1 & 105.1 HD2 - Urban contemporary,Unknown Format,No,No,
Illinois,Chicago,WVIV-FM - Latino Mix 93.5 - Spanish rhythmic,Unknown Format,No,No,
Illinois,Chicago,WBEZ-HD2 - WBEW Vocalo Urban Contemporary,Unknown Format,No,No,
Illinois,Chicago,WMFN/WVAZ-HD2 - Chicago's BIN 640 - Black-oriented news,Unknown Format,No,Yes,https://publicfiles.fcc.gov/am-profile/WMFN/rss
Illinois,Decatur,WYDS-HD2 - Magic 95.5 - Urban Adult Contemporary,Unknown Format,No,No,
Illinois,Champaign,WCZQ,Hot 105.5,No,Yes,https://publicfiles.fcc.gov/fm-profile/WCZQ/rss
Illinois,Champaign,WLRW-HD2 - 97.9 The Vibe - Urban adult contemporary,Unknown Format,No,No,
Illinois,Champaign,"WILL-HD2 - Illinois Soul - Smooth jazz, neo soul, R&B",Unknown Format,No,No,
Illinois,Peoria,WAZU - Strictly Hip-Hop 90.7 FM - Urban Contemporary/Hip Hop,Unknown Format,No,No,
Illinois,Peoria,WZPW,Z-92.3,Yes,Yes,https://publicfiles.fcc.gov/fm-profile/WZPW/rss
Illinois,Peoria,WPNV-LP - 106.3 WPNV - Urban Adult Contemporary,Unknown Format,No,No,
Illinois,Peoria,WKZF - KZ-102.3 - Rhythmic Adult Contemporary,Unknown Format,No,No,
Illinois,Peoria,WVEL - AM 1140 - Urban gospel,Unknown Format,No,No,
Illinois,Rockford,WYRB,Power 106,No,Yes,https://publicfiles.fcc.gov/fm-profile/WYRB/rss
Illinois,Rockford,WYRB HD-2 - Urban Adult Contemporary (Simulcast of WSRB in Chicago),Unknown Format,No,No,
Illinois,Rockford,WYRB HD-3 - Urban Gospel (Simulcast of WYCA in Chicago),Unknown Format,No,No,
Illinois,Quad Cities,WGVV-LP,Groove 92.5,No,No,
Indiana,Indianapolis,WTLC,1310 the Light,Yes,Yes,https://publicfiles.fcc.gov/am-profile/WTLC/rss
Indiana,Indianapolis,WHHH - Hot 100.9 - Urban contemporary,Unknown Format,No,No,
Indiana,Indianapolis,WTLC-FM,WTLC 106.7,No,Yes,https://publicfiles.fcc.gov/fm-profile/WTLC-FM/rss
Indiana,Indianapolis,WZRL - Real 98.3 - Mainstream urban,Unknown Format,No,No,
Indiana,Indianapolis,WSYW - Exitos 94.3 - Spanish CHR,Unknown Format,No,No,
Indiana,South Bend,WSMK,Smokin' 99.1,No,No,https://publicfiles.fcc.gov/fm-profile/WSMK/rss
Indiana,South Bend,WUBU - The New Mix 102.3 - Urban adult contemporary,Unknown Format,No,No,
Indiana,Fort Wayne,WJFX-HD2 - Loud 103.3 - Rhythmic Top 40/Hip Hop,Unknown Format,No,No,
Indiana,Fort Wayne,WJFX-HD3,B-96.9,No,No,
Indiana,Fort Wayne,WRNP/WBCL HD-2 - Rhythm & Praise 94.1 - Urban Gospel,Unknown Format,No,Yes,https://publicfiles.fcc.gov/fm-profile/WRNP/rss
Indiana,Evansville,WEOA,98.5 WEOA,Yes,Yes,https://publicfiles.fcc.gov/am-profile/WEOA/rss
Iowa,Des Moines,KJMC,K-Jam 89.3,Yes,Yes,https://publicfiles.fcc.gov/fm-profile/KJMC/rss
Iowa,Waterloo,KBBG,88.1,Yes,Yes,https://publicfiles.fcc.gov/fm-profile/KBBG/rss
Iowa,Waterloo,KBDJ-LP - KBDJ 97.1 The Hot Jamz - Urban Contemporary,Unknown Format,No,No,
Kansas,Wichita,KDGS,Power 93.5,No,Yes,https://publicfiles.fcc.gov/fm-profile/KDGS/rss
Kansas,Wichita,KYOM-LP - KYOM 104.9 - Urban Contemporary/Community Radio,Unknown Format,No,No,
Kansas,Topeka,KQRB - 96.9 The Beat - Urban Contemporary,Unknown Format,No,No,
Kentucky,Louisville,WLLV,Gospel 101.9 FM & 1240 AM,Yes,Yes,https://publicfiles.fcc.gov/am-profile/WLLV/rss
Kentucky,Louisville,WLOU/WLUE,104.7 Jamz,Yes,Yes,https://publicfiles.fcc.gov/am-profile/WLOU/rss
Kentucky,Louisville,WGZB,B96.5,No,No,https://publicfiles.fcc.gov/fm-profile/WGZB-FM/rss
Kentucky,Louisville,WMJM,Magic 101.3,No,Yes,https://publicfiles.fcc.gov/fm-profile/WMJM/rss
Kentucky,Louisville,WTFX-FM,Real 93.1,No,No,https://publicfiles.fcc.gov/fm-profile/WTFX-FM/rss
Kentucky,Louisville,WRKA - 103.9 The Groove - Urban Adult Contemporary,Unknown Format,No,No,
Kentucky,Lexington,WBTF,107.9 the Beat,No,Yes,https://publicfiles.fcc.gov/fm-profile/WBTF/rss
Kentucky,Lexington,WLKT HD-2,Real 103.9,No,No,
Kentucky,Owensboro,WXCM HD-3 - 100.5 The Vibe - Classic Hip Hop,Unknown Format,No,No,
Kentucky,Bowling Green,WOVO-HD2/W239BT/W240CP - 95.9 The Vibe - Rhythmic Top 40,Unknown Format,No,No,
Kentucky,"Pineville, Kentucky",WQJM - Jamz 98.1 - Rhythmic Hot AC,Unknown Format,No,No,
Louisiana,New Orleans,"WBOK - WBOK 1230 AM - Urban Talk, Urban Gospel, Brokered Programming",Unknown Format,No,No,
Louisiana,New Orleans,KKNO,K-75AM & K-107.1,No,Yes,https://publicfiles.fcc.gov/am-profile/KKNO/rss
Louisiana,New Orleans,WYLD,Hallelujah 940,Yes,Yes,https://publicfiles.fcc.gov/am-profile/WYLD/rss
Louisiana,New Orleans,WODT/K244FX - New Orleans’ BIN 1280 - Black-oriented news,Unknown Format,Yes,Yes,https://publicfiles.fcc.gov/am-profile/WODT/rss
Louisiana,New Orleans,WQUE-FM,Q93.3,Yes,Yes,https://publicfiles.fcc.gov/fm-profile/WQUE-FM/rss
Louisiana,New Orleans,WYLD-FM, 98.5 WYLD,Yes,Yes,https://publicfiles.fcc.gov/fm-profile/WYLD-FM/rss
Louisiana,New Orleans,KMEZ,KMEZ 102.9,No,Yes,https://publicfiles.fcc.gov/fm-profile/KMEZ/rss
Louisiana,New Orleans,WRNO-HD2/K242CE - Throwback 96.3 - Classic hip hop,Unknown Format,No,No,
Louisiana,New Orleans,KKND - Heaven 106.7 - Urban Gospel,Unknown Format,No,No,
Louisiana,New Orleans,WFNO - Latino Mix 97.5 - Spanish Hot AC,Unknown Format,No,No,
Louisiana,New Orleans,KGLA - Tropical 105.7 - Spanish tropical,Unknown Format,No,No,
Louisiana,Baton Rouge,WPFC,1550 WPFC - Urban Gospel,Yes,Yes,https://publicfiles.fcc.gov/am-profile/WPFC/rss
Louisiana,Baton Rouge,WXOK,Heaven 1460,No,Yes,https://publicfiles.fcc.gov/am-profile/WXOK/rss
Louisiana,Baton Rouge,KQXL-FM,Q106.5,No,Yes,https://publicfiles.fcc.gov/fm-profile/KQXL-FM/rss
Louisiana,Baton Rouge,KHXT,Hot 107.9,No,Yes,https://publicfiles.fcc.gov/fm-profile/KHXT/rss
Louisiana,Baton Rouge,WEMX,Max 94.1,No,Yes,https://publicfiles.fcc.gov/fm-profile/WEMX/rss
Louisiana,Baton Rouge,WTQT-LP - 106.1 -   Urban gospel,Unknown Format,No,No,
Louisiana,Baton Rouge,KCLF - 1500 - Rhythmic oldies,Unknown Format,No,No,
Louisiana,Lafayette,KFXZ-FM,Z105.9,No,Yes,https://publicfiles.fcc.gov/fm-profile/KFXZ-FM/rss
Louisiana,Lafayette,KNEK-FM, Magic 104.7 KNEK,No,Yes,https://publicfiles.fcc.gov/fm-profile/KNEK-FM/rss
Louisiana,Lafayette,KHXT,Hot 107.9,No,Yes,https://publicfiles.fcc.gov/fm-profile/KHXT/rss
Louisiana,Lafayette,KRRQ, Q95.5,Yes,Yes,https://publicfiles.fcc.gov/fm-profile/KRRQ/rss
Louisiana,Lafayette,KZJM-LP - 92.7 Jam Central - Urban Contemporary,Unknown Format,No,No,
Louisiana,Shreveport/Bossier City,KMJJ-FM,99.7 KMJJ,No,Yes,https://publicfiles.fcc.gov/fm-profile/KMJJ-FM/rss
Louisiana,Shreveport/Bossier City,KBTT,103.7 Tha Beat,No,Yes,https://publicfiles.fcc.gov/fm-profile/KBTT/rss
Louisiana,Shreveport/Bossier City,KDKS,Hot 102,No,Yes,https://publicfiles.fcc.gov/fm-profile/KDKS-FM/rss
Louisiana,Shreveport/Bossier City,KVMA-FM,Magic 102.9,No,Yes,https://publicfiles.fcc.gov/fm-profile/KVMA-FM/rss
Louisiana,Shreveport/Bossier City,KOKA,AM 980 KOKA,No,Yes,https://publicfiles.fcc.gov/am-profile/KOKA/rss
Louisiana,Shreveport/Bossier City,KIOU,1480,No,Yes,https://publicfiles.fcc.gov/am-profile/KIOU/rss
Louisiana,Shreveport/Bossier City,KSYB,1300,No,Yes,https://publicfiles.fcc.gov/am-profile/KSYB/rss
Louisiana,Lake Charles,KTSR - Magic 92.1 - Urban Adult Contemporary,Unknown Format,No,No,
Louisiana,Lake Charles,KJMH,107 Jamz,No,Yes,https://publicfiles.fcc.gov/fm-profile/KJMH/rss
Louisiana,Lake Charles,KZWA,Live 104.9,No,Yes,https://publicfiles.fcc.gov/fm-profile/KZWA/rss
Louisiana,Lake Charles,KPPM-LP - King Power Praise Music 105.3 - Urban Gospel,Unknown Format,No,No,
Louisiana,Houma/Thibodaux,KJIN - 	104.7 Jamz - Urban Adult Contemporary,Unknown Format,No,No,
Louisiana,Monroe/Bastrop,KRVV,100.1 The Beat,No,Yes,https://publicfiles.fcc.gov/fm-profile/KRVV/rss
Louisiana,Monroe/Bastrop,KMVX,Mix 101.9,No,Yes,https://publicfiles.fcc.gov/fm-profile/KMVX/rss
Louisiana,Monroe/Bastrop,KJMG,Majic 97,No,Yes,https://publicfiles.fcc.gov/fm-profile/KJMG/rss
Louisiana,Monroe/Bastrop,KOUS-LP - 96.3 - Urban Oldies,Unknown Format,No,No,
Louisiana,Alexandria,KTTP,KTTP AM 1110,No,Yes,https://publicfiles.fcc.gov/am-profile/KTTP/rss
Louisiana,Alexandria,KKST,Kiss 98.7,No,Yes,https://publicfiles.fcc.gov/fm-profile/KKST/rss
Louisiana,Alexandria,KKST-HD2 - Urban adult contemporary,Unknown Format,No,No,
Louisiana,Alexandria,KKST-HD3 - Urban contemporary gospel,Unknown Format,No,No,
Louisiana,Alexandria,KMXH,Mix 93.9,Yes,Yes,https://publicfiles.fcc.gov/fm-profile/KMXH/rss
Louisiana,Ruston/Grambling,KRUS,Hitz 96.3,No,Yes,https://publicfiles.fcc.gov/am-profile/KRUS/rss
Louisiana,Morgan City,KBZE - 105.9 The Breeze - Urban Adult Contemporary,Unknown Format,No,No,
Maine,Augusta,WHTP,Hot Radio Maine,No,Yes,https://publicfiles.fcc.gov/am-profile/WHTP/rss
Maine,Bangor,WHZP,Hot Radio Maine,No,Yes,https://publicfiles.fcc.gov/am-profile/WHZP/rss
Maine,Portland,WHTP-FM,Hot 104.7,No,Yes,https://publicfiles.fcc.gov/fm-profile/WHTP-FM/rss
Maryland,Baltimore,WCAO,Heaven 600AM,Yes,Yes,https://publicfiles.fcc.gov/am-profile/WCAO/rss
Maryland,Baltimore,WOLB,1010 Urban News/Talk,Yes,Yes,https://publicfiles.fcc.gov/am-profile/WOLB/rss
Maryland,Baltimore,WWIN,Spirit 1400AM,Yes,Yes,https://publicfiles.fcc.gov/am-profile/WWIN/rss
Maryland,Baltimore,WERQ,92Q Jams,Yes,Yes,https://publicfiles.fcc.gov/fm-profile/WERQ-FM/rss
Maryland,Baltimore,WWIN-FM,Magic 95.9,No,Yes,https://publicfiles.fcc.gov/fm-profile/WWIN-FM/rss
Maryland,Baltimore,WQLL/W260BV - Baltimore's BIN 1370 - Black-oriented news,Unknown Format,No,Yes,https://publicfiles.fcc.gov/am-profile/WQLL/rss
Maryland,Baltimore,WLIF HD-2 - Praise 106.1 - Urban Gospel,Unknown Format,No,No,
Maryland,Salisbury,WSBY,Magic 98.9,Yes,Yes,https://publicfiles.fcc.gov/fm-profile/WSBY-FM/rss
Maryland,Salisbury,WESM,FM 91.3,No,Yes,https://publicfiles.fcc.gov/fm-profile/WESM/rss
Maryland,Salisbury,WZEB,Power 101.7 - Rhythmic Top 40,No,No,https://publicfiles.fcc.gov/fm-profile/WZEB/rss
Maryland,Salisbury,WKTT - Live 97.5 - Urban Contemporary,Unknown Format,No,No,
Maryland,Salisbury,WKDB - Maxima 95.3 - Spanish CHR,Unknown Format,No,No,
Maryland,Hagerstown,WDLD - Live 96.7 - Rhythmic Top 40,Unknown Format,No,No,
Maryland,Elkton,WSRY - Reach Gospel Radio - Urban gospel,Unknown Format,No,No,
Massachusetts,Boston/Lawrence,WJMN-FM,Jam'n 94.5,No,No,
Massachusetts,Boston/Lawrence,WJMN-HD2 - Black Information Network - Black-oriented news,Unknown Format,No,No,
Massachusetts,Boston/Lawrence,WBQT- Hot 96.9,Rhythmic Hot AC,No,No,
Massachusetts,Boston/Lawrence,WCCM - Exitos 103.7 FM & 1490 AM - Spanish CHR,Unknown Format,No,No,
Massachusetts,Boston/Lawrence,"WAMG - ""Mega 96.5"" - Spanish tropical",Unknown Format,No,No,
Massachusetts,Boston/Lawrence,"WLLH - ""Mega 95.1"" - Spanish tropical",Unknown Format,No,No,
Massachusetts,Boston/Lawrence,WERS-HD2 - WERS Plus 88.9 HD-2 Boston's Black Experience - Urban contemporary,Unknown Format,No,No,
Massachusetts,Boston/Lawrence,WZRM - Rumba 97.7 - Spanish tropical,Unknown Format,No,No,
Massachusetts,Boston/Lawrence,"WJDA - ""Latina 99.9 FM"" - Reggaeton",Unknown Format,No,No,
Massachusetts,Boston/Lawrence,"WNNW - ""Power 800 AM/102.9 FM"" - Spanish tropical",Unknown Format,No,No,
Massachusetts,Springfield,WHYN-HD2 - 97.3 The Beat - Urban contemporary,Unknown Format,No,No,
Massachusetts,Springfield,WACM - Jammin' 100.1 - Rhythmic Top-40,Unknown Format,No,No,
Massachusetts,Springfield,WSPR - Bomba FM - Spanish tropical,Unknown Format,No,No,
Massachusetts,Springfield,WHLL - Nueva 98.1 - Spanish CHR,Unknown Format,No,No,
Massachusetts,Worcester,"WORC - ""Mega 106.1"" - Spanish tropical",Unknown Format,No,No,
Michigan,Detroit,WMXD,Mix 92.3,Yes,Yes,https://publicfiles.fcc.gov/fm-profile/WMXD/rss
Michigan,Detroit,WJLB,97.9 WJLB,Yes,Yes,https://publicfiles.fcc.gov/fm-profile/WJLB/rss
Michigan,Detroit,WDMK,105.9 Kiss FM,Yes,Yes,https://publicfiles.fcc.gov/fm-profile/WDMK/rss
Michigan,Detroit,WDMK HD-2 - The Detroit Praise Network 98.3 & 99.9 - Urban Gospel,Unknown Format,No,No,
Michigan,Detroit,WGPR,Hot 107-5,Yes,Yes,https://publicfiles.fcc.gov/fm-profile/WGPR/rss
Michigan,Detroit,WMGC-FM - 105.1 The Bounce - Classic Hip-Hop & R&B,Unknown Format,No,No,
Michigan,Detroit,WCHB,1340 WCHB - Urban contemporary gospel,No,Yes,https://publicfiles.fcc.gov/am-profile/WCHB/rss
Michigan,Detroit,WMKM - Rejoice AM 1440 - Urban Gospel,Unknown Format,No,No,
Michigan,Detroit,WDFN - Detroit's BIN 1130 - Black-oriented news,Unknown Format,No,No,
Michigan,Detroit,WSHJ - 88.3 FM - Urban contemporary,Unknown Format,No,No,
Michigan,Grand Rapids,WDPW, Power 91.9,No,Yes,https://publicfiles.fcc.gov/fm-profile/WDPW/rss
Michigan,Grand Rapids,WJWC-LP -  97.3 The Heat - Urban Contemporary/ Community radio,Unknown Format,No,No,
Michigan,Grand Rapids,WSNX, 104.5 WSNX,No,Yes,https://publicfiles.fcc.gov/fm-profile/WSNX-FM/rss
Michigan,Grand Rapids,WNWZ,Magic 104.9,Yes,Yes,https://publicfiles.fcc.gov/am-profile/WNWZ/rss
Michigan,Grand Rapids,WPRR - 102.5 The Ride - Urban Adult Contemporary,Unknown Format,No,No,
Michigan,Kalamazoo/Battle Creek,WFPM-LP - Miracle Radio 99.5 FM - Urban gospel,Unknown Format,No,No,
Michigan,Kalamazoo/Battle Creek,WBXX/WKFR-HD2 - 102.5/104.9 The Block - Urban adult contemporary,Unknown Format,No,Yes,https://publicfiles.fcc.gov/fm-profile/WBXX/rss
Michigan,Kalamazoo/Battle Creek,WTOU,The Touch 95.5 FM & 1660 AM,No,Yes,https://publicfiles.fcc.gov/am-profile/WTOU/rss
Michigan,Lansing,WWSJ,Joy 1580 & 100.3,No,Yes,https://publicfiles.fcc.gov/am-profile/WWSJ/rss
Michigan,Lansing,WQHH,Power 96.5 FM,No,Yes,https://publicfiles.fcc.gov/fm-profile/WQHH/rss
Michigan,Lansing,WQTX - Stacks 92.1 - Rhythmic Adult Contemporary,Unknown Format,No,No,
Michigan,Muskegon,WVIB,V100,No,Yes,https://publicfiles.fcc.gov/fm-profile/WVIB/rss
Michigan,Muskegon,WUVS-LP,103.7 The Beat,No,No,
Michigan,Muskegon,WUGM-LP,106.1,No,No,
Michigan,Flint,WFLT - AM 1420 - Urban Gospel,Unknown Format,No,No,
Michigan,Flint,WDZZ-FM,Z92.7,Yes,Yes,https://publicfiles.fcc.gov/fm-profile/WDZZ-FM/rss
Michigan,Flint,WRCL,Club 93.7,No,Yes,https://publicfiles.fcc.gov/fm-profile/WRCL/rss
Michigan,Flint,WOWE - 98.9 The Beat - Urban Contemporary,Unknown Format,No,No,
Michigan,Saginaw/Bay City,WTLZ,Kiss 107.1,No,Yes,https://publicfiles.fcc.gov/fm-profile/WTLZ/rss
Michigan,Greenville,WDPW - Power 91.9 - Urban contemporary gospel,Unknown Format,No,No,
Minnesota,Minneapolis/Saint Paul,KMOJ,89.9 KMOJ ,No,Yes,https://publicfiles.fcc.gov/fm-profile/KMOJ/rss
Minnesota,Minneapolis/Saint Paul,KMOJ-HD2 - The Ice 89.9 HD-2 - Hip Hop,Unknown Format,No,No,
Minnesota,Minneapolis/Saint Paul,KTCZ-HD3 - Hot 102.5 - Mainstream urban,Unknown Format,No,No,
Minnesota,Minneapolis/Saint Paul,KQQL-HD2/W227BF - Twin Cities’ BIN 93.3 - Black-oriented news,Unknown Format,No,No,
Mississippi,Jackson,WOAD,Gospel 1300 AM & 103.5 FM - Urban contemporary gospel,Yes,Yes,https://publicfiles.fcc.gov/am-profile/WOAD/rss
Mississippi,Jackson,WJSU-FM,FM 88,Yes,Yes,https://publicfiles.fcc.gov/fm-profile/WJSU-FM/rss
Mississippi,Jackson,WMPR,"WMPR 90.1 FM - Urban contemporary, Blues, Urban Gospel, Variety",Yes,Yes,https://publicfiles.fcc.gov/fm-profile/WMPR/rss
Mississippi,Jackson,WHLH,95.5 Hallelujah FM,Yes,Yes,https://publicfiles.fcc.gov/fm-profile/WHLH/rss
Mississippi,Jackson,WRBJ-FM,97.7 FM,No,Yes,https://publicfiles.fcc.gov/fm-profile/WRBJ-FM/rss
Mississippi,Jackson,WJMI,99 Jams,Yes,Yes,https://publicfiles.fcc.gov/fm-profile/WJMI/rss
Mississippi,Jackson,WKXI-FM,Kixie 107,No,Yes,https://publicfiles.fcc.gov/fm-profile/WKXI-FM/rss
Mississippi,Jackson,WRTM-FM,Smooth 100.5,No,Yes,https://publicfiles.fcc.gov/fm-profile/WRTM-FM/rss
Mississippi,Jackson,WFQY,BDAY 99.1,No,Yes,https://publicfiles.fcc.gov/am-profile/WFQY/rss
Mississippi,Jackson,WJDX-FM - Real 105.1 - Mainstream urban,Unknown Format,No,No,
Mississippi,Jackson,WSFZ/W251DB - Jackson's BIN 98.1 - Black-oriented news,Unknown Format,Yes,Yes,https://publicfiles.fcc.gov/am-profile/WSFZ/rss
Mississippi,Jackson,WONG - Soul 1150 - Urban AC/Gospel music,Unknown Format,No,No,
Mississippi,Jackson,WMGO - AM 1370 - Urban contemporary,Unknown Format,No,No,
Mississippi,Jackson,WHJT HD-2 - Blues 93.1 - Blues,Unknown Format,No,No,
Mississippi,Jackson,WIIN - 102.1 The Box - Rhythmic Oldies,Unknown Format,No,No,
Mississippi,Jackson,WDXO/WOEG - G93 - Classic hip hop,Unknown Format,No,Yes,https://publicfiles.fcc.gov/fm-profile/WDXO/rss
Mississippi,Gulfport/Biloxi,WQFX,My Power Gospel 98.7 FM & 1130 AM,No,Yes,https://publicfiles.fcc.gov/am-profile/WQFX/rss
Mississippi,Gulfport/Biloxi,WJZD-FM,JZ94.5,No,Yes,https://publicfiles.fcc.gov/fm-profile/WJZD-FM/rss
Mississippi,Gulfport/Biloxi,WGBL - G-96.7 - Classic Hip Hop,Unknown Format,No,No,
Mississippi,Gulfport/Biloxi,WZKX-HD3 - The Hype - Rhythmic adult contemporary,Unknown Format,No,No,
Mississippi,Hattiesburg/Laurel,WHJA,Power 101.1,No,Yes,https://publicfiles.fcc.gov/am-profile/WHJA/rss
Mississippi,Hattiesburg/Laurel,WORV,WORV 1580 AM,No,Yes,https://publicfiles.fcc.gov/am-profile/WORV/rss
Mississippi,Hattiesburg/Laurel,WJKX,102JKX,No,Yes,https://publicfiles.fcc.gov/fm-profile/WJKX/rss
Mississippi,Hattiesburg/Laurel,WJMG,92.1 WJMG,No,Yes,https://publicfiles.fcc.gov/fm-profile/WJMG/rss
Mississippi,Hattiesburg/Laurel,WZLD,Wild 106.3,No,Yes,https://publicfiles.fcc.gov/fm-profile/WZLD/rss
Mississippi,Hattiesburg/Laurel,WGDQ - 93.1 WGDQ - Urban Gospel,Unknown Format,No,No,
Mississippi,Hattiesburg/Laurel,WQID-LP - Hot 105.3 - Urban contemporary,Unknown Format,No,No,
Mississippi,Hattiesburg/Laurel,WKZW HD-2 - 97.7 The Groove - Urban Oldies,Unknown Format,No,No,
Mississippi,Greenville/Greenwood,WIBT,97.9 The Beat,No,Yes,https://publicfiles.fcc.gov/fm-profile/WIBT/rss
Mississippi,Greenville/Greenwood,WBAD,Bad 94,No,Yes,https://publicfiles.fcc.gov/fm-profile/WBAD/rss
Mississippi,Greenville/Greenwood,WGNG,106.3 The Heat,No,Yes,https://publicfiles.fcc.gov/fm-profile/WGNG/rss
Mississippi,Greenville/Greenwood,WGNL,104.3 WGNL,No,Yes,https://publicfiles.fcc.gov/fm-profile/WGNL/rss
Mississippi,Greenville/Greenwood,KZYQ - Star 101 - Urban adult contemporary,Unknown Format,No,No,
Mississippi,Greenville/Greenwood,WNLA - Gospel,Unknown Format,No,No,
Mississippi,Greenville/Greenwood,WXTN - Urban contemporary gospel,Unknown Format,No,No,
Mississippi,Greenville/Greenwood,WAGR-FM - Power 102.5 - Urban contemporary gospel,Unknown Format,No,No,
Mississippi,Greenville/Greenwood,WBZL - G103.3 - Classic hip hop,Unknown Format,No,No,
Mississippi,Clarksdale/Cleveland,WAID,"""Power 106.5""",No,Yes,https://publicfiles.fcc.gov/fm-profile/WAID/rss
Mississippi,Clarksdale/Cleveland,WCLD-FM,"""Jammin' 104""",No,Yes,https://publicfiles.fcc.gov/fm-profile/WCLD-FM/rss
Mississippi,Clarksdale/Cleveland,"WZYQ - ""Star 101"" - Urban adult contemporary",Unknown Format,No,No,
Mississippi,Clarksdale/Cleveland,"WCLD - ""Rejoice 1490 AM & 96.5 FM"" - Gospel",Unknown Format,No,No,
Mississippi,Meridian,WJXM - 95.1 The Beat - Mainstream Urban,Unknown Format,No,No,
Mississippi,Meridian,WMER,Solid Gospel 1390,Yes,Yes,https://publicfiles.fcc.gov/am-profile/WMER/rss
Mississippi,Meridian,WZKS,Kiss 104.1,No,Yes,https://publicfiles.fcc.gov/fm-profile/WZKS/rss
Mississippi,Meridian,WMOG - Praise 95.9 FM & 910 AM - Urban Gospel,Unknown Format,No,No,
Mississippi,Meridian,WHSL - Hot 107.7 - Urban adult contemporary,Unknown Format,No,No,
Mississippi,Tupelo,WESE,92.5 THE BEAT,No,Yes,https://publicfiles.fcc.gov/fm-profile/WESE/rss
Mississippi,Tupelo,WSEL-FM,Inspiration 97,No,Yes,https://publicfiles.fcc.gov/fm-profile/WSEL-FM/rss
Mississippi,Tupelo,WELO/W282AS - Pulse 104.3 & 580 - Classic soul,Unknown Format,Yes,Yes,https://publicfiles.fcc.gov/am-profile/WELO/rss
Mississippi,Tupelo,WTUP/W299CS- Tupelo's BIN 107.7 - Black-oriented news,Unknown Format,Yes,Yes,https://publicfiles.fcc.gov/am-profile/WTUP/rss
Mississippi,Columbus,WACR-FM,WACR 105.3,No,Yes,https://publicfiles.fcc.gov/fm-profile/WACR-FM/rss
Mississippi,Columbus,WAJV,Joy 98.9,No,Yes,https://publicfiles.fcc.gov/fm-profile/WAJV/rss
Mississippi,Columbus,WMSU,Power 92 Jamz,No,Yes,https://publicfiles.fcc.gov/fm-profile/WMSU/rss
Mississippi,Columbus,WMXU,Mix 106.1,No,Yes,https://publicfiles.fcc.gov/fm-profile/WMXU/rss
Mississippi,Columbus,WTWG - AM 1050 - Gospel,Unknown Format,No,No,
Mississippi,Liberty,WAZA - The Touch WAZA - Urban adult contemporary,Unknown Format,No,No,
Mississippi,Holly Springs,WKRA-FM - The Change 92.7 - Urban Gospel/Urban Contemporary,Unknown Format,No,No,
Mississippi,Natchez,WNAT - Jam’n 106.3 - Rhythmic AC,Unknown Format,No,No,
Mississippi,Natchez,WTYJ - 97.7 The Beat - Urban contemporary,Unknown Format,No,No,
Missouri,Saint Louis,KATZ,Hallelujah 1600 AM,No,Yes,https://publicfiles.fcc.gov/am-profile/KATZ/rss
Missouri,Saint Louis,KSTL,Jubilee 690,No,Yes,https://publicfiles.fcc.gov/am-profile/KSTL/rss
Missouri,Saint Louis,KATZ-FM,100.3 The Beat,No,Yes,https://publicfiles.fcc.gov/fm-profile/KATZ-FM/rss
Missouri,Saint Louis,KATZ-HD2/W279AQ,St Louis’ BIN 103.7 - Black-oriented news,No,No,
Missouri,Saint Louis,WFUN-FM,96.3 The Lou,No,Yes,https://publicfiles.fcc.gov/fm-profile/WFUN-FM/rss
Missouri,Saint Louis,WHHL,Hot 104.1,No,Yes,https://publicfiles.fcc.gov/fm-profile/WHHL/rss
Missouri,Saint Louis,KTLK-FM HD-2 - Majic 104.9 HD-2 - Urban Adult Contemporary,Unknown Format,No,No,
Missouri,Saint Louis,KSIQ-LP - Mix 99.5 - Urban Adult Contemporary,Unknown Format,No,No,
Missouri,Saint Louis,KXBS-HD2,95.5 HD2 Jams,No,No,
Missouri,Saint Louis,KXBS-HD3 - Foxy 106.9 - Urban adult contemporary,Unknown Format,No,No,
Missouri,Saint Louis,KDRM-DB,Streetz 105.1,No,No,
Missouri,Kansas City,KPRT,Gospel 1590 AM & 106.1 FM KPRT,Yes,Yes,https://publicfiles.fcc.gov/am-profile/KPRT/rss
Missouri,Kansas City,KCJK,Power 105.1,No,Yes,https://publicfiles.fcc.gov/fm-profile/KCJK/rss
Missouri,Kansas City,KPRS,Hot 103 Jamz,Yes,Yes,https://publicfiles.fcc.gov/fm-profile/KPRS/rss
Missouri,Kansas City,KPRS-HD2 - RNB 106.9 - Urban Adult Contemporary,Unknown Format,No,No,
Missouri,Kansas City,KCPZ-LP - Praise 95.3 - Urban Gospel,Unknown Format,No,No,
Missouri,Columbia/Jefferson City,KJLU,88.9,No,Yes,https://publicfiles.fcc.gov/fm-profile/KJLU/rss
Missouri,Jackson/Cape Girardeau,KJXX - 101.9 The Block - Rhythmic Adult Contemporary,Unknown Format,No,No,
Nebraska,Omaha,KOPW,Power 106-9,No,Yes,https://publicfiles.fcc.gov/fm-profile/KOPW/rss
Nebraska,Omaha,KOWN-LP - 95.7 The Boss - Urban Contemporary/Hip Hop,Unknown Format,No,No,
Nebraska,Omaha,KXNB-LP - Mind And Soul 101.3 - Urban Contemporary,Unknown Format,No,No,
Nebraska,Omaha,KJSO-LP - 101.3 FM - Hip Hop (Shares time with KXNB-LP),Unknown Format,No,No,
Nebraska,Omaha,KCUG-LP - 100.3 FM - Urban Gospel,Unknown Format,No,No,
Nevada,Las Vegas,KCEP,Power 88FM,Yes,Yes,https://publicfiles.fcc.gov/fm-profile/KCEP/rss
Nevada,Las Vegas,KOAS,Jammin' 105.7,No,No,https://publicfiles.fcc.gov/fm-profile/KOAS/rss
Nevada,Las Vegas,KVEG,Hot 97.5,No,Yes,https://publicfiles.fcc.gov/fm-profile/KVEG/rss
Nevada,Las Vegas,KYMT-HD2 - Real 103.9 - Urban Contemporary,Unknown Format,No,No,
Nevada,Las Vegas,"KXQQ-FM - Q100.5 - Rhythmic Adult Contemporary
KXQQ-HD3 - 100.5 Jamz - Hip hop",Unknown Format,No,No,
Nevada,Las Vegas,KXQQ-HD3 - 100.5 Jamz - Hip hop,Unknown Format,No,No,
Nevada,Las Vegas,KRGT - Latino Beats 99.3 - Spanish Urban,Unknown Format,No,No,
Nevada,Las Vegas,KRRN - Fuego 92.7 - Bilingual Rhythmic Contemporary,Unknown Format,No,No,
Nevada,Las Vegas,KVGQ - 106.9 Da Bomb - Classic hip hop,Unknown Format,No,No,
Nevada,Las Vegas,KBET - 103.1 The Hustle - Urban contemporary,Unknown Format,No,No,
Nevada,Reno,KNEV - 95.5 The Vibe - Classic Hip Hop,Unknown Format,No,No,
Nevada,Reno,KLCA HD-2/K285EQ/K228DA - Swag 104.9 & 93.5 - Urban Contemporary/Hip Hop,Unknown Format,No,No,
Nevada,Reno,KWYL - Wild 102.9 - Rhythmic Top 40,Unknown Format,No,No,
Nevada,Reno,KZTI - Kalor 105.3 - Spanish rhythmic,Unknown Format,No,No,
New Hampshire,Concord,WEHA,88.7 - Urban Gospel,No,No,https://publicfiles.fcc.gov/fm-profile/WEHA/rss
New Hampshire,Concord,WTTH,96.1 WTTH,No,No,https://publicfiles.fcc.gov/fm-profile/WTTH/rss
New Hampshire,Concord,WZBZ,99.3 The Buzz,No,No,https://publicfiles.fcc.gov/fm-profile/WZBZ/rss
New Jersey,Atlantic City,WEHA,88.7 - Urban Gospel,No,Yes,https://publicfiles.fcc.gov/fm-profile/WEHA/rss
New Jersey,Atlantic City,WTTH,96.1 WTTH,No,Yes,https://publicfiles.fcc.gov/fm-profile/WTTH/rss
New Jersey,Atlantic City,WZBZ,99.3 The Buzz,No,Yes,https://publicfiles.fcc.gov/fm-profile/WZBZ/rss
New Jersey,Beach Haven West,WVBH - Reach Gospel Radio 88.3 FM - Urban gospel,Unknown Format,No,No,
New Jersey,Trenton,WIFI - Maxima 92.9 - Spanish CHR,Unknown Format,No,No,
New Mexico,Albuquerque/Santa Fe,KKSS,Kiss 97.3,No,Yes,https://publicfiles.fcc.gov/fm-profile/KKSS/rss
New Mexico,Albuquerque/Santa Fe,"KMGG-LP - 99.9 The Beat - Urban adult contemporary
KMGG-LP HD-3 - Wild 99.9 HD-3 - Urban contemporary",Unknown Format,No,No,
New Mexico,Albuquerque/Santa Fe,KMGG-LP HD-3 - Wild 99.9 HD-3 - Urban contemporary,Unknown Format,No,No,
New Mexico,Albuquerque/Santa Fe,KABQ-FM - Hot 95.1 - Rhythmic Oldies / Classic hip hop,Unknown Format,No,No,
New Mexico,Albuquerque/Santa Fe,KZRR HD-2/K265CA - Power 100.9 - Mainstream urban,Unknown Format,No,No,
New Mexico,Albuquerque/Santa Fe,KYLZ - 101.3 The Hustle - Mainstream urban,Unknown Format,No,No,
New Mexico,Albuquerque/Santa Fe,KJFA-FM - Fuego 102.9 - Hispanic rhythmic,Unknown Format,No,No,
New Mexico,Albuquerque/Santa Fe,KLBU - Jam'n 94.7 - Rhythmic contemporary,Unknown Format,No,No,
New Mexico,Las Cruces,KHQT - Hot 103.1 - Rhythmic Top 40,Unknown Format,No,No,
New Mexico,Las Cruces,KSIL - Latin X 94.3 - Bilingual Rhythmic CHR,Unknown Format,No,No,
New Mexico,Las Cruces,KWML - Kool 104.5 - Rhythmic adult contemporary,Unknown Format,No,No,
New Mexico,Farmington,KXTC - 99.9 XTC - Rhythmic Top 40,Unknown Format,No,No,
New York,New York City,WLIB,1190 WLIB,No,Yes,https://publicfiles.fcc.gov/am-profile/WLIB/rss
New York,New York City,WBLS,107.5 WBLS,No,Yes,https://publicfiles.fcc.gov/fm-profile/WBLS/rss
New York,New York City,WKTU,KTU 103.5,No,Yes,https://publicfiles.fcc.gov/fm-profile/WKTU/rss
New York,New York City,WQHT,Hot 97,No,Yes,https://publicfiles.fcc.gov/fm-profile/WQHT/rss
New York,New York City,WWPR-FM,Power 105.1,No,Yes,https://publicfiles.fcc.gov/fm-profile/WWPR-FM/rss
New York,New York City,WWRL/WWPR-HD3 - New York's BIN 1600 - Black-oriented news,Unknown Format,No,Yes,https://publicfiles.fcc.gov/am-profile/WWRL/rss
New York,New York City,WXNY-FM - La X 96.3 - Hispanic rhythmic,Unknown Format,No,No,
New York,New York City,WXBK - 94.7 The Block - Classic hip hop,Unknown Format,No,No,
New York,New York City,WSKQ-FM - Mega 97.9 - Spanish tropical,Unknown Format,No,No,
New York,New York City,WPAT-FM - 93.1 Amor - Spanish tropical,Unknown Format,No,No,
New York,Buffalo,WUFO,Power 96.5,No,Yes,https://publicfiles.fcc.gov/am-profile/WUFO/rss
New York,Buffalo,WWWS,Classic R&B 107.3 FM & AM 1400,Yes,Yes,https://publicfiles.fcc.gov/am-profile/WWWS/rss
New York,Buffalo,WBLK,Power 93.7 WBLK,No,Yes,https://publicfiles.fcc.gov/fm-profile/WBLK/rss
New York,Buffalo,WBLK-HD2,Urban adult contemporary,No,No,
New York,Rochester,WDKX,103.9 WDKX,Yes,Yes,https://publicfiles.fcc.gov/fm-profile/WDKX/rss
New York,Rochester,WKGS,106.7 KISS FM - Rhythmic Top 40,No,Yes,https://publicfiles.fcc.gov/fm-profile/WKGS/rss
New York,Rochester,WLGZ-HD2 - 105.5 The Beat - Urban Contemporary,Unknown Format,No,No,
New York,Rochester,WXIR-LP - 100.9 Extreme Independent Radio -  Urban variety,Unknown Format,No,No,
