State,City,Station,Format
Alabama,Birmingham,WAGG/WENN,Heaven 610 WAGG
Alabama,Birmingham,WATV,V-94.9
Alabama,Birmingham,WJLD,AM 1400 WJLD
Alabama,Birmingham,WBHJ,95.7 Jamz
Alabama,Birmingham,WBHK,98.7 Kiss FM
Alabama,Birmingham,WMJJ-HD2,104.1 The Beat
Alabama,Birmingham,WUHT,Hot 107.7
Alabama,Birmingham,WERC-HD2 ,Hallelujah 105.1
Alabama,Birmingham,WERC-HD3 ,B106.5
Alabama,Birmingham,WDXB-HD2/W224CK - Birmingham's BIN 92.7 - Black-oriented news,Unknown Format
Alabama,Mobile,WGOK,Gospel 900
Alabama,Mobile,WBLX-FM,93BLX
Alabama,Mobile,WDLT-FM,104.1 WDLT
Alabama,Mobile,WRGV - 107.3 The Beat - Mainstream urban,Unknown Format
Alabama,Mobile,WMXC-HD2 - 100.3 Hallelujah FM - Urban Gospel,Unknown Format
Alabama,Mobile,WZEW HD-3 - 92.5 The Soul Of Mobile - Urban Oldies,Unknown Format
Alabama,Mobile,WASG - AM 540 - Urban gospel,Unknown Format
Alabama,Mobile,WERM - Gospel 1220 - Urban gospel,Unknown Format
Alabama,Huntsville,WDJL,Gospel Explosions 1000 AM
Alabama,Huntsville,WEUP,Worship 94.5
Alabama,Huntsville,WEUV,Worship 94.5 - simulcasts WEUP (AM)
Alabama,Huntsville,WHIY,AM 1600 Party Oldies & Blues
Alabama,Huntsville,WEUP-FM,103.1 WEUP
Alabama,Huntsville,WEUZ,92.1 simulcasts WEUP-FM
Alabama,Huntsville,WHRP,94.1 WHRP
Alabama,Huntsville,WLOR/WAHR HD-2 - 98.1 The Beat - Urban Contemporary,Unknown Format
Alabama,Montgomery,WXVI,Sonshine 16
Alabama,Montgomery,WHLW,Hallelujah 104.3
Alabama,Montgomery,WJWZ,97.9 Jamz
Alabama,Montgomery,WKXN/WZKD,The Big KD
Alabama,Montgomery,WWMG,Magic 97.1
Alabama,Montgomery,WZHT,Hot 105.7
Alabama,Montgomery,WQKS-HD2,Yo! 100.5
Alabama,Montgomery,WMRK-HD3 - Praise 96.5 - Urban Gospel,Unknown Format
Alabama,Montgomery,WMRK-HD2/W257DS - Montgomery's BIN 99.3 - Black-oriented news,Unknown Format
Alabama,Tuscaloosa,WTSK,Praise 93.3 - Urban contemporary gospel
Alabama,Tuscaloosa,WMXB,Mix 107.3
Alabama,Tuscaloosa,WWPG,Q104
Alabama,Tuscaloosa,WTUG-FM,92.9 WTUG
Alabama,Tuscaloosa,WALJ,105.1 The Block
Alabama,Dothan,WDSA,AM 1320
Alabama,Dothan,WAGF-FM,101.3 The Touch
Alabama,Dothan,WBBK-FM,Magic 93.1
Alabama,Dothan,WJJN,92.1 Jamz
Alabama,Dothan,WARB - V105.9 - Urban contemporary,Unknown Format
Alabama,Florence/Muscle Shoals,"WZZA - AM 1410 The Soul Of The Shoals - Urban Adult Contemporary, Blues",Unknown Format
Alabama,Florence/Muscle Shoals,WMXV-HD3 - 105.1 and 101.5 HD3 Music Muscle of the Shoals - Urban Contemporary,Unknown Format
Alabama,Selma,WJAM - Jammin' 94.7 FM & 1340 AM - Urban Adult Contemporary,Unknown Format
Alabama,Selma,WBFZ - Z-105.3 - Urban Contemporary/Urban Gospel,Unknown Format
Alabama,Anniston/Oxford,WFZX - 99.1 & 99.3 The Vibe - Urban contemporary,Unknown Format
Alabama,Anniston/Oxford,WHOG - 93.5 The Hog - Urban adult contemporary,Unknown Format
Alabama,Pine Hill,WKXK - The Big KD - Urban adult contemporary,Unknown Format
Alabama,Gadsden,WMGJ - Magic 1240 AM - Urban contemporary,Unknown Format
Alabama,Demopolis,WZNJ - 106.5 The River - Urban contemporary/Urban oldies,Unknown Format
Alabama,Livingston,WYLS - Rejoice WYLS - Black gospel,Unknown Format
Alabama,Brantley,WXKD - The Big KD - Urban adult contemporary,Unknown Format
Alabama,Russellville,WKAX - WKAX 1500 AM - Urban Gospel,Unknown Format
Alaska,Anchorage,KFAT,K-Fat 929
Arizona,Phoenix,KAJM,Mega 104.3
Arizona,Phoenix,KKFR,Power 98.3 & 96.1
Arizona,Phoenix,KZCE,101.1 The Bounce 
Arizona,Phoenix,KQMR - Latino Mix 100.3 - Spanish rhythmic,Unknown Format
Arizona,Phoenix,"KRDP - Radio Phoenix 90.7 - Urban Contemporary, Blues, Jazz, Community Radio",Unknown Format
Arizona,Phoenix,KFUE - Fuego 106.7 - Bilingual Rhythmic Contemporary,Unknown Format
Arizona,Tucson,KTGV,106.3 The Groove
Arizona,Tucson,KOHT,Hot 98.3
Arizona,Tucson,KSZR - 97.5 The Vibe - Classic hip hop,Unknown Format
Arizona,Tucson,KMMA - Mega 97.1 - Spanish CHR,Unknown Format
Arizona,Tucson,KZLZ-HD2/KLPX-HD3 - 92.5 Urbana - Spanish rhythmic,Unknown Format
Arkansas,Little Rock,KIPR/KFOG,Power 92 Jams
Arkansas,Little Rock,KHTE-FM - 96.5 The Box - Urban contemporary,Unknown Format
Arkansas,Little Rock,KOKY,102.1 KOKY
Arkansas,Little Rock,KPZK,Praise 102.5
Arkansas,Little Rock,KZTS - Rejoice 1380/105.5/103.3 - Urban Gospel,Unknown Format
Arkansas,Little Rock,KWCP-LP - KWCP-LP 98.9 The Mix - Urban Adult Contemporary/Classic Hip Hop,Unknown Format
Arkansas,Pine Bluff,KPBA - 99.3 The Beat - Mainstream Urban,Unknown Format
Arkansas,Pine Bluff,KCAT,The Cat 92.7 FM & 1340 AM
Arkansas,Pine Bluff,KUAP,Hot 89.7
Arkansas,Texarkana,KTOY,104.7 KTOY
Arkansas,Texarkana,KZRB,B-103.5
Arkansas,Texarkana,KMJI,Majic 93.3
Arkansas,Blytheville,KAMJ,K Jam 93-9
Arkansas,Fayetteville,KQIS - Kiss 105.3/1340 - Mainstream Urban,Unknown Format
Arkansas,Fayetteville,KDIV-LP - KDIV 98.7 - Urban Contemporary/Community Radio,Unknown Format
Arkansas,Fayetteville,KXVB - 101.5 The Vibe - Rhythmic Contemporary/Classic Hip Hop,Unknown Format
Arkansas,El Dorado/Camden,KMLK,"""FM 98.7"""
Arkansas,El Dorado/Camden,KMGC,"""Magic 104.5"""
Arkansas,Jonesboro,"KDXY-HD2 - ""Hot 107.5"" - Rhythmic Top 40",Unknown Format
Arkansas,Jonesboro,"KLEK-LP - ""KLEK 102.5 FM"" - Urban contemporary",Unknown Format
California,Los Angeles,KPWR,Power 106
California,Los Angeles,KRRL,Real 92.3
California,Los Angeles,KRRL-HD2 - Black Information Network - Black-oriented news,Unknown Format
California,Los Angeles,KTWV,94.7 The Wave
California,Los Angeles,KTWV-HD2,Wave Classics
California,Los Angeles,KJLH,102.3 KJLH
California,Los Angeles,KDAY,93.5 KDAY
California,Los Angeles,KLLI - Cali 93.9 - Spanish rhythmic,Unknown Format
California,Los Angeles,KBLA - 1580 KBLA - Urban/Progressive Talk,Unknown Format
California,Los Angeles,KXOL-FM - Mega 96.3 - Spanish CHR,Unknown Format
California,San Francisco/Oakland/San Jose,KDYA,Gospel 1190 the Light
California,San Francisco/Oakland/San Jose,KBLX,102.9 KBLX
California,San Francisco/Oakland/San Jose,KBLX HD-2 - Old School 102.9 HD-2 - Urban Oldies,Unknown Format
California,San Francisco/Oakland/San Jose,KBLX HD-3 - Praise Bay Area - Urban Gospel,Unknown Format
California,San Francisco/Oakland/San Jose,KMEL,106.1 KMEL
California,San Francisco/Oakland/San Jose,KKSF - The Bay Area's BIN 910 - Black-oriented news,Unknown Format
California,San Francisco/Oakland/San Jose,KRBQ,102.1 JAMS
California,San Francisco/Oakland/San Jose,KVVF/KVVZ - Latino Mix 105.7/100.7 - Spanish rhythmic,Unknown Format
California,San Francisco/Oakland/San Jose,"KPOO - 89.5 KPOO - Jazz, Blues, R&B, Variety",Unknown Format
California,San Diego,XHRM-FM,Magic 92.5
California,San Diego,KSSX - Jam'n 95.7,"Rhythmic contemporary
KSSX-HD2 - Black Information Network - Black-oriented news"
California,San Diego,KSSX-HD2 - Black Information Network - Black-oriented news,Unknown Format
California,San Diego,XHRST-FM - Mas Flo 107.7 - Latin urban,Unknown Format
California,Sacramento,KDEE-LP,97.5
California,Sacramento,KHYL,V101
California,Sacramento,KSFM,102.5 KSFM
California,Sacramento,KHHM - Fuego 101.9 - Bilingual Rhythmic CHR,Unknown Format
California,Riverside/San Bernardino,KDEY-FM,93.5 KDAY
California,Riverside/San Bernardino,KGGI,99.1 KGGI
California,Riverside/San Bernardino,KQIE,Old School 104.7
California,Riverside/San Bernardino,KFOO - Riverside's BIN 1440 - Black-oriented news,Unknown Format
California,Bakersfield,KKBB,Groove 99.3
California,Bakersfield,KISV,HOT 94.1
California,Bakersfield,KVPM - Precious 95.7 - Urban Contemporary,Unknown Format
California,Bakersfield,KBDS - Forge 103.9 - Rhythmic contemporary hit radio,Unknown Format
California,Bakersfield,KBQF - Kalor 104.3 - Spanish rhythmic,Unknown Format
California,Palmdale/Ridgecrest/High Desert,KRAJ,100.9 The Heat - Rhythmic Top 40
California,Stockton,KWIN,97.7 and 98.3 K-WIN
California,Stockton,KQOD,Mega 100.1
California,Modesto,KWNN,97.7 and 98.3 K-WIN
California,Modesto,KHTN - Hot 104.7 - Rhythmic Top 40,Unknown Format
California,Modesto,KCVR-FM - Fuego 98.9 - Bilingual Rhythmic CHR,Unknown Format
California,Palm Springs,KKUU,U-92.7
California,Palm Springs,KMRJ - Jammin 99.5 - Rhythmic AC,Unknown Format
California,Palm Springs,KPST-FM - Fuego 103.5 - Bilingual Rhythmic CHR,Unknown Format
California,Santa Barbara/Santa Maria/San Luis Obispo,KRTO - Fuego 97.1 - Hispanic rhythmic,Unknown Format
California,Santa Barbara/Santa Maria/San Luis Obispo,KOSJ - Old School 94.1 & 1490 - Rhythmic oldies,Unknown Format
California,Oxnard/Ventura County,KCAQ,Q95.9
California,Oxnard/Ventura County,KOCP - Old School 104.7 - Rhythmic Oldies,Unknown Format
California,Oxnard/Ventura County,KJBU-LP - 99.3 The Rhythm Of The Coast - Urban Contemporary/Community Radio,Unknown Format
California,Monterey/Salinas,KDON,102.5 K-Don
California,Monterey/Salinas,KOCN,K-Ocean 105.1
California,Fresno,KBOS,B95
California,Fresno,KMGV,Mega 97.9
California,Fresno,KFBT,103.7 The Beat
California,Fresno,KSEQ,Q97.1
California,Fresno,KOKO-FM - Jammin' 94.3 - Rhythmic/Urban Oldies,Unknown Format
California,Fresno,KBHH - Forge 95.3 - Rhythmic contemporary hit radio,Unknown Format
California,Fresno,KZLA - Old School 98.3 - Rhythmic Oldies,Unknown Format
California,Victorville,KATJ HD-2 - HD-96.3 - Rhythmic Contemporary/Hip Hop,Unknown Format
California,Barstow,KWIE - Old School 101.3 - Rhythmic oldies,Unknown Format
California,Chico,KZSZ-HD2 - 93.3 Urbana - Spanish rhythmic,Unknown Format
California,Santa Rosa,KSXY - Latino 100.9 - Spanish CHR,Unknown Format
Colorado,Denver,KQKS,KS107.5
Colorado,Denver,KUVO HD-2 - The Drop 104.7 & 89.3 HD-2 - Urban Contemporary,Unknown Format
Colorado,Denver,KFCO - KFCO 107.1 - Christian Hip Hop,Unknown Format
Colorado,Colorado Springs,KIBT,96.1 The Beat
Colorado,Colorado Springs,KIBT HD-2 - Urban Oldies,Unknown Format
Colorado,Fort Collins,KARS-FM - Power 102.9 - Rhythmic Top 40/Hip Hop,Unknown Format
Colorado,Fort Collins,KJMP - Jump 104.5 - Classic Hip Hop,Unknown Format
Connecticut,Hartford/New Haven,WQTQ - Qute 89.9 - Urban Contemporary (Hartford),Unknown Format
Connecticut,Hartford/New Haven,WYBC-FM,94.3 WYBC
Connecticut,Hartford/New Haven,WKCI-HD2 - 100.9 The Beat - Mainstream urban (New Haven),Unknown Format
Connecticut,Hartford/New Haven,WZMX,Hot 93.7
Connecticut,Hartford/New Haven,WBOM - 102.5 Hartford's R&B Station - Urban Adult Contemporary (Meriden/Hartford),Unknown Format
Connecticut,Hartford/New Haven,WLAT/WKND - Mega 101.7 & 97.5 - Spanish tropical,Unknown Format
Connecticut,Hartford/New Haven,WMRQ-HD2 - Bomba FM - Spanish tropical (Hartford/Meriden),Unknown Format
Connecticut,Hartford/New Haven,WRYM/WWCO/WCUM - Viva Radio - Latin pop/Tropical music/Reggaeton (Hartford/New Haven),Unknown Format
Connecticut,New London,WWRX,Jammin' 107.7 Rhythmic contemporary hit radio
Connecticut,New London,WDUP-LP - 92.9 FM WDUP Timeless Hip Hop and R&B - Urban Adult Contemporary,Unknown Format
Connecticut,Bloomfield,WGZO-LP - Heartbeat 98.7 - Urban gospel,Unknown Format
Delaware,Wilmington,WXHL-FM - Reach Gospel Radio 89.1 - Urban gospel,Unknown Format
Delaware,Wilmington,WOCQ - Maxima 104.1 - Spanish CHR,Unknown Format
District of Columbia,Washington,WOL,News Talk 1450 - Urban News/Talk
District of Columbia,Washington,WYCB,Spirit 1340
District of Columbia,Washington,WPRS-FM,Praise 104.1
District of Columbia,Washington,WHUR,96.3 WHUR
District of Columbia,Washington,WKYS,93.9 WKYS
District of Columbia,Washington,WMMJ/WDCJ,Majic 102.3/92.7
District of Columbia,Washington,WPGC-FM,WPGC 95.5
District of Columbia,Washington,WUST/WMZQ-HD2 - DMV's BIN 1120 - Black-oriented news,Unknown Format
District of Columbia,Washington,WLZL - El Zol 107.9 - Bilingual Rhythmic CHR,Unknown Format
Florida,Miami/Fort Lauderdale,WMBM,1490 - Urban contemporary gospel
Florida,Miami/Fort Lauderdale,WMIB,103.5 The Beat
Florida,Miami/Fort Lauderdale,WMIB HD-3 - PK's Throwback 105.5 - Classic Hip Hop,Unknown Format
Florida,Miami/Fort Lauderdale,WEDR,99 Jamz
Florida,Miami/Fort Lauderdale,WHQT,Hot 105
Florida,Miami/Fort Lauderdale,WXBN - Miami's BIN 880 - Black-oriented news,Unknown Format
Florida,Miami/Fort Lauderdale,WEXY - AM 1520 - Urban contemporary gospel/Brokered programming,Unknown Format
Florida,Miami/Fort Lauderdale,WPOW - POWER 96 - Rhythmic Adult Contemporary,Unknown Format
Florida,Miami/Fort Lauderdale,WZTU - Tu 94.9 - Spanish Top 40,Unknown Format
Florida,Miami/Fort Lauderdale,WRMA - Ritmo 95.7 - Cubatón,Unknown Format
Florida,Miami/Fort Lauderdale,WRTO-FM - Mix 98.3 - Spanish tropical,Unknown Format
Florida,Miami/Fort Lauderdale,WXDJ - El Zol 106.7 - Spanish CHR,Unknown Format
Florida,Tampa Bay Area,WBTP,95.7 The Beat
Florida,Tampa Bay Area,WBTP HD-2,Black Information Network - Black-oriented news
Florida,Tampa Bay Area,WLLD,Wild 94.1
Florida,Tampa Bay Area,WTMP - 1150 AM & 102.1 FM WTMP - Urban oldies,Unknown Format
Florida,Tampa Bay Area,WTBV - 101.5 The Vibe - Urban Adult Contemporary,Unknown Format
Florida,Tampa Bay Area,"WMNF HD-2 - The Urban Cafe 88.5 HD-2 - R&B, Neo-Soul, Classic Hip Hop, Variety",Unknown Format
Florida,Jacksonville,WZAZ,Gospel 1400 the Light
Florida,Jacksonville,WJBT,93.3 The Beat Jamz
Florida,Jacksonville,WJBT HD-2 - Jacksonville's BIN 104.1 - Black-Oriented News,Unknown Format
Florida,Jacksonville,WSOL-FM,V-101.5
Florida,Jacksonville,WCGL,The Victory Station AM 1360 & 94.7 - Urban contemporary gospel
Florida,Jacksonville,WJGL-HD2,Power 106.1 - Urban contemporary
Florida,Jacksonville,WJNJ,Pure Radio 1320 & 103.7 - Urban contemporary gospel
Florida,Jacksonville,WHJX - Hot 106.5 - Urban Adult Contemporary,Unknown Format
Florida,Jacksonville,WKSL HD-3 - Praise 107.9 - Urban contemporary gospel,Unknown Format
Florida,Jacksonville,WYKB - Flow 105.3 - Spanish rhythmic,Unknown Format
Florida,Jacksonville,WEWC/WJXR - Latina 92.1 - Spanish tropical,Unknown Format
Florida,Jacksonville,WQIK-HD2 - Rumba 106.9 - Spanish tropical,Unknown Format
Florida,Orlando/Daytona Beach,WOKB,WOKB 1680 AM
Florida,Orlando/Daytona Beach,WCFB,Star 94.5
Florida,Orlando/Daytona Beach,WTKS-HD2 ,104.5 The Beat
Florida,Orlando/Daytona Beach,"WPOZ-HD3 - ""G-Praise 106.3/93.3"" — Urban contemporary gospel",Unknown Format
Florida,Orlando/Daytona Beach,WPOZ-HD2 -  Hot 95.9 — Christian Hip Hop,Unknown Format
Florida,Orlando/Daytona Beach,WHPB-LP - 98.5 The Wire - Urban Contemporary/Community Radio,Unknown Format
Florida,Orlando/Daytona Beach,WHOG HD-2 - Hot 94.1 - Urban Contemporary (Daytona Beach),Unknown Format
Florida,Orlando/Daytona Beach,WRWS-LP - Urban contemporary,Unknown Format
Florida,Orlando/Daytona Beach,WURB-LP - Urbana 92.7 - Spanish urban,Unknown Format
Florida,Orlando/Daytona Beach,WFYY - Fly 103.1 - Rhythmic contemporary,Unknown Format
Florida,Orlando/Daytona Beach,"WRUM - Rumba 100.3 - Latin pop/Reggaeton/Tropical music
WRUM-HD2 - Mega 97.1 - Spanish CHR",Unknown Format
Florida,Orlando/Daytona Beach,WRUM-HD2 - Mega 97.1 - Spanish CHR,Unknown Format
Florida,Orlando/Daytona Beach,WPYO - El Zol 95.3 - Spanish tropical,Unknown Format
Florida,Orlando/Daytona Beach,WOEX - Exitos 96.5 - Spanish CHR,Unknown Format
Florida,West Palm Beach,WMBX,X102.3
Florida,West Palm Beach,WLLY HD-3 - Yo 107.1 - Classic Hip Hop,Unknown Format
Florida,West Palm Beach,WZZR HD-2 - Jam'n 93.3 - Classic Hip Hop,Unknown Format
Florida,West Palm Beach,WRLX - Mia 94.3 - Spanish CHR,Unknown Format
Florida,West Palm Beach,WFLM,104.7 The Flame
Florida,Fort Myers/Naples,WZKO - 1350/107.5 Jamz - Urban Adult Contemporary,Unknown Format
Florida,Fort Myers/Naples,WBTT,105.5 the Beat
Florida,Fort Myers/Naples,WFFY - Fly 98.5 - Rhythmic Contemporary/Hip-Hop,Unknown Format
Florida,Fort Myers/Naples,WOKE-LP - 94.9 The City - Urban Contemporary,Unknown Format
Florida,Fort Myers/Naples,WXKB HD-2 - 96.5 & 101.5 The Bounce - Classic Hip Hop,Unknown Format
Florida,Fort Myers/Naples,WHEL - 93.7 Latino - Spanish CHR,Unknown Format
Florida,Fort Myers/Naples,WWCN - Playa 99.3 - Spanish tropical,Unknown Format
Florida,Pensacola,WRNE,Choice 106.9 & AM 980
Florida,Pensacola,WNVY,1090AM the Light
Florida,Pensacola,WBLX-FM,93BLX
Florida,Pensacola,WRRX,Magic 106.1
Florida,Pensacola,WRGV - 107.3 The Beat - Mainstream urban,Unknown Format
Florida,Pensacola,WMEZ - Hot 94.1 - Rhythmic Contemporary,Unknown Format
Florida,Tallahassee,WSTT,AM 730 - Urban contemporary gospel
Florida,Tallahassee,WHBX,96.1 Jamz
Florida,Tallahassee,WWLD,Blazin' 102.3
Florida,Tallahassee,WANM - The Flava Station 90.5 - Urban Contemporary/College Radio,Unknown Format
Florida,Tallahassee,WWLD HD-2 - Heaven 98.3 - Urban Gospel,Unknown Format
Florida,Tallahassee,WGMY HD-2 - 105.3 The Beat - Mainstream urban,Unknown Format
Florida,Tallahassee,WGMY HD-3 - Tallahassee's BIN 100.3 - Black-oriented news,Unknown Format
Florida,Tallahassee,WQTL - Vibe 106.1 - Rhythmic Adult Contemporary,Unknown Format
Florida,Panama City,WEBZ,99.3 The Beat
Florida,Gainesville,WTMG,Magic 101.3
Florida,Gainesville,WAJD - 98.9 Jamz - Urban contemporary,Unknown Format
Florida,Gainesville,WDVH - R&B 94.1 - Urban oldies-leaning urban adult contemporary,Unknown Format
Florida,Gainesville,WKTK-HD2/WRBD/WMOP - Power 92.1 - Urban contemporary,Unknown Format
Florida,Vero Beach/Fort Pierce,WQCP - Q-91.1 - Urban Adult Contemporary,Unknown Format
Florida,Cocoa Beach,WRRJ - Reggae,Unknown Format
Florida,Lakeland/Winter Haven,WSIR - Family Radio 1490 - Urban Gospel,Unknown Format
Florida,Lake City,WUAF-LP - Angel 107.9 - Gospel,Unknown Format
Georgia,Atlanta,WAOK,News/Talk 1380 WAOK - Urban News/Talk
Georgia,Atlanta,WPZE,Praise 102.5
Georgia,Atlanta,WAMJ/WUMJ,Majic 107.5/97.5
Georgia,Atlanta,WALR-FM,Kiss 104.1
Georgia,Atlanta,WHTA,Hot 107.9
Georgia,Atlanta,WRDG - 96.1 The Beat - Urban contemporary,Unknown Format
Georgia,Atlanta,W233BF WIPK WFDR-FM WWSZ,Streetz 94.5
Georgia,Atlanta,WVEE,V-103
Georgia,Atlanta,W275BK,Classix 102.9
Georgia,Atlanta,W250BC,OG 97.9
Georgia,Atlanta,WSTR - Star 94 - Rhythmic Adult Contemporary,Unknown Format
Georgia,Atlanta,WBIN - Atlanta's BIN 640 - Black-oriented news,Unknown Format
Georgia,Atlanta,"WYKG - 105.5 FM/AM 1430 The King - Urban Oldies, Classic Hip-Hop",Unknown Format
Georgia,Atlanta,WBZY - Z105.7 - Spanish CHR,Unknown Format
Georgia,Atlanta,WXJO - My City 104.5 - Urban Gospel,Unknown Format
Georgia,Atlanta,WIGO - Pacesetter 1570 AM -  Urban adult contemporary,Unknown Format
Georgia,Augusta,WEZO - 1230 The Blaze - Urban AC/Black Gospel,Unknown Format
Georgia,Augusta,WNRR - Gospel 1380 - Urban Gospel,Unknown Format
Georgia,Augusta,WTHB,Praise 1550 AM
Georgia,Augusta,WKZK,The Spirit 103.7 FM & 1600 AM
Georgia,Augusta,WAEG,Smooth Jazz 92.3
Georgia,Augusta,WAAW,Shout 94.7
Georgia,Augusta,WKSP,96.3 Kiss FM
Georgia,Augusta,WTHB,Praise 96.9
Georgia,Augusta,WIIZ,The Wiz 97.9
Georgia,Augusta,WAKB,Magic 100.9 
Georgia,Augusta,WFXA,Foxie 103 Jamz
Georgia,Augusta,WKZK,Sonshine 103.7
Georgia,Augusta,WPRW,Power 107
Georgia,Augusta,WCHZ-FM,HOT 95.5/93.1
Georgia,Augusta,WYBO - 92.9 The Soul Mine - Rhythmic Oldies,Unknown Format
Georgia,Augusta,WYNF - Augusta's BIN 1340 - Black-oriented news,Unknown Format
Georgia,Savannah,WSOK,1230/99.7 WSOK
Georgia,Savannah,WEAS-FM − E93 − Mainstream Urban,Unknown Format
Georgia,Savannah,WQBT,94.1 The Beat
Georgia,Savannah,WLVH,Love 101.1
Georgia,Savannah,WTYB,Magic 103.9
Georgia,Savannah,WXYY - G100 - Rhythmic contemporary,Unknown Format
Georgia,Columbus,WOKS,WOKS AM1340
Georgia,Columbus,WAGH,Magic 101.3
Georgia,Columbus,WBFA,98.3 the Beat
Georgia,Columbus,WEAM-FM,Praise 100.7
Georgia,Columbus,WFXE,Foxie 105
Georgia,Columbus,WKZJ,K-92.7
Georgia,Columbus,WKCN-HD2,HIP HOP 106.5
Georgia,Columbus,WTLM - Hallelujah 1520 AM - Urban contemporary gospel,Unknown Format
Georgia,Columbus,WHTY/W234BX - Columbus’ BIN 94.7/1460 - Black-oriented news,Unknown Format
Georgia,Columbus,WLTC-HD2 - Smooth RnB 92.1 - Urban adult contemporary,Unknown Format
Georgia,Macon,WFXM,Power 107.1
Georgia,Macon,WIBB-FM,97.9 WIBB
Georgia,Macon,WLZN,MACON 92.3
Georgia,Macon,WQMJ,Majic 100 FM
Georgia,Macon,WRBV,V-101.7
Georgia,Macon,WRWR,Kiss 105.1/107.5
Georgia,Macon,WYPZ - Praise 99.5 - Urban gospel,Unknown Format
Georgia,Macon,WMGE - Macon's BIN 1670 - Black-oriented news,Unknown Format
Georgia,Macon,WUXL - My City - Urban gospel,Unknown Format
Georgia,Albany,"WUTU - ""Old School Classics 88.3 Urban Oldies",Unknown Format
Georgia,Albany,WJYZ,AM960 the Light
Georgia,Albany,WJIZ,96.3 WJIZ
Georgia,Albany,WQVE,V-101.7
Georgia,Albany,WMRZ,98.1 Kiss FM - Urban adult contemporary
Georgia,Albany,WZBN,Praise 105.5 Urban contemporary gospel
Georgia,Albany,WMRG,"""Streetz 93.5"" - Urban contemporary"
Georgia,Albany,"WASU-LP - ""Real 92.7"" - Urban contemporary",Unknown Format
Georgia,Albany,"WTTY - ""97.7 The Beat"" - Urban Adult Contemporary",Unknown Format
Georgia,Brunswick,WSOL-FM - V-101.5,Urban Adult Contemporary
Georgia,Brunswick,WBGA - Real 96.3,Urban  contemporary
Georgia,Valdosta,WGUN,Magic 950
Georgia,Valdosta,WHLJ-FM,Foxy 97.5
Georgia,Valdosta,WGOV-FM,Power 96.7
Georgia,Valdosta,WSTI-FM,Star 105.3
Georgia,Valdosta,WWRQ-FM -  107.9 The Beat - Urban contemporary,Unknown Format
Georgia,Elberton,WVGC - Jams 1400 - Urban adult contemporary,Unknown Format
Georgia,Dublin,WDBN - 107.9 Jamz - Urban contemporary,Unknown Format
Georgia,Irwinton,WVKX - Love 103.7 - Urban contemporary,Unknown Format
Georgia,Lincolnton,WLCZ - Gospel/Inspirational,Unknown Format
Hawaii,Honolulu,KUBT,93.9 The Beat
Hawaii,Honolulu,KUBT HD-2 - Jamz Hawaii - Classic Hip Hop,Unknown Format
Hawaii,Honolulu,KUMU-FM,94.7 KUMU
Hawaii,Honolulu,KPHW - Power 104.3 - Rhythmic Top 40,Unknown Format
Hawaii,Honolulu,KQMQ-FM - HI93 - Contemporary Hawaiian/Reggae,Unknown Format
Hawaii,Honolulu,KDNN - Island 98.5 - Hawaiian contemporary hits,Unknown Format
Hawaii,Honolulu,KCCN-FM - FM100 - Hawaiian contemporary hits,Unknown Format
Hawaii,Maui,KJMD,Da Jam 98.3
Hawaii,Maui,KLHI-FM - HI92 - Hawaiian/Reggae,Unknown Format
Hawaii,Kauai,KJMQ,98.1 Jamz
Hawaii,Kauai,KSRF - HI95  - Contemporary Hawaiian/Reggae,Unknown Format
Idaho,Boise,KWYD - Wild 101.1,Rhythmic contemporary
Idaho,Boise,KFXD - Power 105.5 - Rhythmic contemporary,Unknown Format
Idaho,Boise,KOAY - Project 88.7 - Rhythmic CHR,Unknown Format
Idaho,Twin Falls,KXTA-HD3 - Mega 97.5 - Bilingual CHR,Unknown Format
Illinois,Bloomington,WXRJ-LP - Real Radio 94.9 - Urban Adult Contemporary,Unknown Format
Illinois,Chicago,WGRB,Inspiration 1390
Illinois,Chicago,WGCI-FM,107.5 WGCI
Illinois,Chicago,WVAZ,V103
Illinois,Chicago,WPWX,Power 92
Illinois,Chicago,WBBM-FM - B96 - Rhythmic Top 40,Unknown Format
Illinois,Chicago,WSRB,106.3
Illinois,Chicago,WBMX - 104.3 Jams - Classic Hip Hop,Unknown Format
Illinois,Chicago,WVON - AM 1690 WVON - Urban Talk,Unknown Format
Illinois,Chicago,WYCA - Rejoice 102.3 - Urban Gospel,Unknown Format
Illinois,Chicago,WWHN - Comfortable Radio - Urban AC,Unknown Format
Illinois,Chicago,WOJO-HD2 - Streetz 95.1 & 105.1 HD2 - Urban contemporary,Unknown Format
Illinois,Chicago,WVIV-FM - Latino Mix 93.5 - Spanish rhythmic,Unknown Format
Illinois,Chicago,WBEZ-HD2 - WBEW Vocalo Urban Contemporary,Unknown Format
Illinois,Chicago,WMFN/WVAZ-HD2 - Chicago's BIN 640 - Black-oriented news,Unknown Format
Illinois,Decatur,WYDS-HD2 - Magic 95.5 - Urban Adult Contemporary,Unknown Format
Illinois,Champaign,WCZQ,Hot 105.5
Illinois,Champaign,WLRW-HD2 - 97.9 The Vibe - Urban adult contemporary,Unknown Format
Illinois,Champaign,"WILL-HD2 - Illinois Soul - Smooth jazz, neo soul, R&B",Unknown Format
Illinois,Peoria,WAZU - Strictly Hip-Hop 90.7 FM - Urban Contemporary/Hip Hop,Unknown Format
Illinois,Peoria,WZPW,Z-92.3
Illinois,Peoria,WPNV-LP - 106.3 WPNV - Urban Adult Contemporary,Unknown Format
Illinois,Peoria,WKZF - KZ-102.3 - Rhythmic Adult Contemporary,Unknown Format
Illinois,Peoria,WVEL - AM 1140 - Urban gospel,Unknown Format
Illinois,Rockford,WYRB,Power 106
Illinois,Rockford,WYRB HD-2 - Urban Adult Contemporary (Simulcast of WSRB in Chicago),Unknown Format
Illinois,Rockford,WYRB HD-3 - Urban Gospel (Simulcast of WYCA in Chicago),Unknown Format
Illinois,Quad Cities,WGVV-LP,Groove 92.5
Indiana,Indianapolis,WTLC,1310 the Light
Indiana,Indianapolis,WHHH - Hot 100.9 - Urban contemporary,Unknown Format
Indiana,Indianapolis,WTLC-FM,WTLC 106.7
Indiana,Indianapolis,WZRL - Real 98.3 - Mainstream urban,Unknown Format
Indiana,Indianapolis,WSYW - Exitos 94.3 - Spanish CHR,Unknown Format
Indiana,South Bend,WSMK,Smokin' 99.1
Indiana,South Bend,WUBU - The New Mix 102.3 - Urban adult contemporary,Unknown Format
Indiana,Fort Wayne,WJFX-HD2 - Loud 103.3 - Rhythmic Top 40/Hip Hop,Unknown Format
Indiana,Fort Wayne,WJFX-HD3,B-96.9
Indiana,Fort Wayne,WRNP/WBCL HD-2 - Rhythm & Praise 94.1 - Urban Gospel,Unknown Format
Indiana,Evansville,WEOA,98.5 WEOA
Iowa,Des Moines,KJMC,K-Jam 89.3
Iowa,Waterloo,KBBG,88.1
Iowa,Waterloo,KBDJ-LP - KBDJ 97.1 The Hot Jamz - Urban Contemporary,Unknown Format
Kansas,Wichita,KDGS,Power 93.5
Kansas,Wichita,KYOM-LP - KYOM 104.9 - Urban Contemporary/Community Radio,Unknown Format
Kansas,Topeka,KQRB - 96.9 The Beat - Urban Contemporary,Unknown Format
Kentucky,Louisville,WLLV,Gospel 101.9 FM & 1240 AM
Kentucky,Louisville,WLOU/WLUE,104.7 Jamz
Kentucky,Louisville,WGZB,B96.5
Kentucky,Louisville,WMJM,Magic 101.3
Kentucky,Louisville,WTFX-FM,Real 93.1
Kentucky,Louisville,WRKA - 103.9 The Groove - Urban Adult Contemporary,Unknown Format
Kentucky,Lexington,WBTF,107.9 the Beat
Kentucky,Lexington,WLKT HD-2,Real 103.9
Kentucky,Owensboro,WXCM HD-3 - 100.5 The Vibe - Classic Hip Hop,Unknown Format
Kentucky,Bowling Green,WOVO-HD2/W239BT/W240CP - 95.9 The Vibe - Rhythmic Top 40,Unknown Format
Kentucky,"Pineville, Kentucky",WQJM - Jamz 98.1 - Rhythmic Hot AC,Unknown Format
Louisiana,New Orleans,"WBOK - WBOK 1230 AM - Urban Talk, Urban Gospel, Brokered Programming",Unknown Format
Louisiana,New Orleans,KKNO,K-75AM & K-107.1
Louisiana,New Orleans,WYLD,Hallelujah 940
Louisiana,New Orleans,WODT/K244FX - New Orleans’ BIN 1280 - Black-oriented news,Unknown Format
Louisiana,New Orleans,WQUE-FM,Q93.3
Louisiana,New Orleans,WYLD-FM, 98.5 WYLD
Louisiana,New Orleans,KMEZ,KMEZ 102.9
Louisiana,New Orleans,WRNO-HD2/K242CE - Throwback 96.3 - Classic hip hop,Unknown Format
Louisiana,New Orleans,KKND - Heaven 106.7 - Urban Gospel,Unknown Format
Louisiana,New Orleans,WFNO - Latino Mix 97.5 - Spanish Hot AC,Unknown Format
Louisiana,New Orleans,KGLA - Tropical 105.7 - Spanish tropical,Unknown Format
Louisiana,Baton Rouge,WPFC,1550 WPFC - Urban Gospel
Louisiana,Baton Rouge,WXOK,Heaven 1460
Louisiana,Baton Rouge,KQXL-FM,Q106.5
Louisiana,Baton Rouge,KHXT,Hot 107.9
Louisiana,Baton Rouge,WEMX,Max 94.1
Louisiana,Baton Rouge,WTQT-LP - 106.1 -   Urban gospel,Unknown Format
Louisiana,Baton Rouge,KCLF - 1500 - Rhythmic oldies,Unknown Format
Louisiana,Lafayette,KFXZ-FM,Z105.9
Louisiana,Lafayette,KNEK-FM, Magic 104.7 KNEK
Louisiana,Lafayette,KHXT,Hot 107.9
Louisiana,Lafayette,KRRQ, Q95.5
Louisiana,Lafayette,KZJM-LP - 92.7 Jam Central - Urban Contemporary,Unknown Format
Louisiana,Shreveport/Bossier City,KMJJ-FM,99.7 KMJJ
Louisiana,Shreveport/Bossier City,KBTT,103.7 Tha Beat
Louisiana,Shreveport/Bossier City,KDKS,Hot 102
Louisiana,Shreveport/Bossier City,KVMA-FM,Magic 102.9
Louisiana,Shreveport/Bossier City,KOKA,AM 980 KOKA
Louisiana,Shreveport/Bossier City,KIOU,1480
Louisiana,Shreveport/Bossier City,KSYB,1300
Louisiana,Lake Charles,KTSR - Magic 92.1 - Urban Adult Contemporary,Unknown Format
Louisiana,Lake Charles,KJMH,107 Jamz
Louisiana,Lake Charles,KZWA,Live 104.9
Louisiana,Lake Charles,KPPM-LP - King Power Praise Music 105.3 - Urban Gospel,Unknown Format
Louisiana,Houma/Thibodaux,KJIN - 	104.7 Jamz - Urban Adult Contemporary,Unknown Format
Louisiana,Monroe/Bastrop,KRVV,100.1 The Beat
Louisiana,Monroe/Bastrop,KMVX,Mix 101.9
Louisiana,Monroe/Bastrop,KJMG,Majic 97
Louisiana,Monroe/Bastrop,KOUS-LP - 96.3 - Urban Oldies,Unknown Format
Louisiana,Alexandria,KTTP,KTTP AM 1110
Louisiana,Alexandria,KKST,Kiss 98.7
Louisiana,Alexandria,KKST-HD2 - Urban adult contemporary,Unknown Format
Louisiana,Alexandria,KKST-HD3 - Urban contemporary gospel,Unknown Format
Louisiana,Alexandria,KMXH,Mix 93.9
Louisiana,Ruston/Grambling,KRUS,Hitz 96.3
Louisiana,Morgan City,KBZE - 105.9 The Breeze - Urban Adult Contemporary,Unknown Format
Maine,Augusta,WHTP,Hot Radio Maine
Maine,Bangor,WHZP,Hot Radio Maine
Maine,Portland,WHTP-FM,Hot 104.7
Maryland,Baltimore,WCAO,Heaven 600AM
Maryland,Baltimore,WOLB,1010 Urban News/Talk
Maryland,Baltimore,WWIN,Spirit 1400AM
Maryland,Baltimore,WERQ,92Q Jams
Maryland,Baltimore,WWIN-FM,Magic 95.9
Maryland,Baltimore,WQLL/W260BV - Baltimore's BIN 1370 - Black-oriented news,Unknown Format
Maryland,Baltimore,WLIF HD-2 - Praise 106.1 - Urban Gospel,Unknown Format
Maryland,Salisbury,WSBY,Magic 98.9
Maryland,Salisbury,WESM,FM 91.3
Maryland,Salisbury,WZEB,Power 101.7 - Rhythmic Top 40
Maryland,Salisbury,WKTT - Live 97.5 - Urban Contemporary,Unknown Format
Maryland,Salisbury,WKDB - Maxima 95.3 - Spanish CHR,Unknown Format
Maryland,Hagerstown,WDLD - Live 96.7 - Rhythmic Top 40,Unknown Format
Maryland,Elkton,WSRY - Reach Gospel Radio - Urban gospel,Unknown Format
Massachusetts,Boston/Lawrence,WJMN-FM,Jam'n 94.5
Massachusetts,Boston/Lawrence,WJMN-HD2 - Black Information Network - Black-oriented news,Unknown Format
Massachusetts,Boston/Lawrence,WBQT- Hot 96.9,Rhythmic Hot AC
Massachusetts,Boston/Lawrence,WCCM - Exitos 103.7 FM & 1490 AM - Spanish CHR,Unknown Format
Massachusetts,Boston/Lawrence,"WAMG - ""Mega 96.5"" - Spanish tropical",Unknown Format
Massachusetts,Boston/Lawrence,"WLLH - ""Mega 95.1"" - Spanish tropical",Unknown Format
Massachusetts,Boston/Lawrence,WERS-HD2 - WERS Plus 88.9 HD-2 Boston's Black Experience - Urban contemporary,Unknown Format
Massachusetts,Boston/Lawrence,WZRM - Rumba 97.7 - Spanish tropical,Unknown Format
Massachusetts,Boston/Lawrence,"WJDA - ""Latina 99.9 FM"" - Reggaeton",Unknown Format
Massachusetts,Boston/Lawrence,"WNNW - ""Power 800 AM/102.9 FM"" - Spanish tropical",Unknown Format
Massachusetts,Springfield,WHYN-HD2 - 97.3 The Beat - Urban contemporary,Unknown Format
Massachusetts,Springfield,WACM - Jammin' 100.1 - Rhythmic Top-40,Unknown Format
Massachusetts,Springfield,WSPR - Bomba FM - Spanish tropical,Unknown Format
Massachusetts,Springfield,WHLL - Nueva 98.1 - Spanish CHR,Unknown Format
Massachusetts,Worcester,"WORC - ""Mega 106.1"" - Spanish tropical",Unknown Format
Michigan,Detroit,WMXD,Mix 92.3
Michigan,Detroit,WJLB,97.9 WJLB
Michigan,Detroit,WDMK,105.9 Kiss FM
Michigan,Detroit,WDMK HD-2 - The Detroit Praise Network 98.3 & 99.9 - Urban Gospel,Unknown Format
Michigan,Detroit,WGPR,Hot 107-5
Michigan,Detroit,WMGC-FM - 105.1 The Bounce - Classic Hip-Hop & R&B,Unknown Format
Michigan,Detroit,WCHB,1340 WCHB - Urban contemporary gospel
Michigan,Detroit,WMKM - Rejoice AM 1440 - Urban Gospel,Unknown Format
Michigan,Detroit,WDFN - Detroit's BIN 1130 - Black-oriented news,Unknown Format
Michigan,Detroit,WSHJ - 88.3 FM - Urban contemporary,Unknown Format
Michigan,Grand Rapids,WDPW, Power 91.9
Michigan,Grand Rapids,WJWC-LP -  97.3 The Heat - Urban Contemporary/ Community radio,Unknown Format
Michigan,Grand Rapids,WSNX, 104.5 WSNX
Michigan,Grand Rapids,WNWZ,Magic 104.9
Michigan,Grand Rapids,WPRR - 102.5 The Ride - Urban Adult Contemporary,Unknown Format
Michigan,Kalamazoo/Battle Creek,WFPM-LP - Miracle Radio 99.5 FM - Urban gospel,Unknown Format
Michigan,Kalamazoo/Battle Creek,WBXX/WKFR-HD2 - 102.5/104.9 The Block - Urban adult contemporary,Unknown Format
Michigan,Kalamazoo/Battle Creek,WTOU,The Touch 95.5 FM & 1660 AM
Michigan,Lansing,WWSJ,Joy 1580 & 100.3
Michigan,Lansing,WQHH,Power 96.5 FM
Michigan,Lansing,WQTX - Stacks 92.1 - Rhythmic Adult Contemporary,Unknown Format
Michigan,Muskegon,WVIB,V100
Michigan,Muskegon,WUVS-LP,103.7 The Beat
Michigan,Muskegon,WUGM-LP,106.1
Michigan,Flint,WFLT - AM 1420 - Urban Gospel,Unknown Format
Michigan,Flint,WDZZ-FM,Z92.7
Michigan,Flint,WRCL,Club 93.7
Michigan,Flint,WOWE - 98.9 The Beat - Urban Contemporary,Unknown Format
Michigan,Saginaw/Bay City,WTLZ,Kiss 107.1
Michigan,Greenville,WDPW - Power 91.9 - Urban contemporary gospel,Unknown Format
Minnesota,Minneapolis/Saint Paul,KMOJ,89.9 KMOJ 
Minnesota,Minneapolis/Saint Paul,KMOJ-HD2 - The Ice 89.9 HD-2 - Hip Hop,Unknown Format
Minnesota,Minneapolis/Saint Paul,KTCZ-HD3 - Hot 102.5 - Mainstream urban,Unknown Format
Minnesota,Minneapolis/Saint Paul,KQQL-HD2/W227BF - Twin Cities’ BIN 93.3 - Black-oriented news,Unknown Format
Mississippi,Jackson,WOAD,Gospel 1300 AM & 103.5 FM - Urban contemporary gospel
Mississippi,Jackson,WJSU-FM,FM 88
Mississippi,Jackson,WMPR,"WMPR 90.1 FM - Urban contemporary, Blues, Urban Gospel, Variety"
Mississippi,Jackson,WHLH,95.5 Hallelujah FM
Mississippi,Jackson,WRBJ-FM,97.7 FM
Mississippi,Jackson,WJMI,99 Jams
Mississippi,Jackson,WKXI-FM,Kixie 107
Mississippi,Jackson,WRTM-FM,Smooth 100.5
Mississippi,Jackson,WFQY,BDAY 99.1
Mississippi,Jackson,WJDX-FM - Real 105.1 - Mainstream urban,Unknown Format
Mississippi,Jackson,WSFZ/W251DB - Jackson's BIN 98.1 - Black-oriented news,Unknown Format
Mississippi,Jackson,WONG - Soul 1150 - Urban AC/Gospel music,Unknown Format
Mississippi,Jackson,WMGO - AM 1370 - Urban contemporary,Unknown Format
Mississippi,Jackson,WHJT HD-2 - Blues 93.1 - Blues,Unknown Format
Mississippi,Jackson,WIIN - 102.1 The Box - Rhythmic Oldies,Unknown Format
Mississippi,Jackson,WDXO/WOEG - G93 - Classic hip hop,Unknown Format
Mississippi,Gulfport/Biloxi,WQFX,My Power Gospel 98.7 FM & 1130 AM
Mississippi,Gulfport/Biloxi,WJZD-FM,JZ94.5
Mississippi,Gulfport/Biloxi,WGBL - G-96.7 - Classic Hip Hop,Unknown Format
Mississippi,Gulfport/Biloxi,WZKX-HD3 - The Hype - Rhythmic adult contemporary,Unknown Format
Mississippi,Hattiesburg/Laurel,WHJA,Power 101.1
Mississippi,Hattiesburg/Laurel,WORV,WORV 1580 AM
Mississippi,Hattiesburg/Laurel,WJKX,102JKX
Mississippi,Hattiesburg/Laurel,WJMG,92.1 WJMG
Mississippi,Hattiesburg/Laurel,WZLD,Wild 106.3
Mississippi,Hattiesburg/Laurel,WGDQ - 93.1 WGDQ - Urban Gospel,Unknown Format
Mississippi,Hattiesburg/Laurel,WQID-LP - Hot 105.3 - Urban contemporary,Unknown Format
Mississippi,Hattiesburg/Laurel,WKZW HD-2 - 97.7 The Groove - Urban Oldies,Unknown Format
Mississippi,Greenville/Greenwood,WIBT,97.9 The Beat
Mississippi,Greenville/Greenwood,WBAD,Bad 94
Mississippi,Greenville/Greenwood,WGNG,106.3 The Heat
Mississippi,Greenville/Greenwood,WGNL,104.3 WGNL
Mississippi,Greenville/Greenwood,KZYQ - Star 101 - Urban adult contemporary,Unknown Format
Mississippi,Greenville/Greenwood,WNLA - Gospel,Unknown Format
Mississippi,Greenville/Greenwood,WXTN - Urban contemporary gospel,Unknown Format
Mississippi,Greenville/Greenwood,WAGR-FM - Power 102.5 - Urban contemporary gospel,Unknown Format
Mississippi,Greenville/Greenwood,WBZL - G103.3 - Classic hip hop,Unknown Format
Mississippi,Clarksdale/Cleveland,WAID,"""Power 106.5"""
Mississippi,Clarksdale/Cleveland,WCLD-FM,"""Jammin' 104"""
Mississippi,Clarksdale/Cleveland,"WZYQ - ""Star 101"" - Urban adult contemporary",Unknown Format
Mississippi,Clarksdale/Cleveland,"WCLD - ""Rejoice 1490 AM & 96.5 FM"" - Gospel",Unknown Format
Mississippi,Meridian,WJXM - 95.1 The Beat - Mainstream Urban,Unknown Format
Mississippi,Meridian,WMER,Solid Gospel 1390
Mississippi,Meridian,WZKS,Kiss 104.1
Mississippi,Meridian,WMOG - Praise 95.9 FM & 910 AM - Urban Gospel,Unknown Format
Mississippi,Meridian,WHSL - Hot 107.7 - Urban adult contemporary,Unknown Format
Mississippi,Tupelo,WESE,92.5 THE BEAT
Mississippi,Tupelo,WSEL-FM,Inspiration 97
Mississippi,Tupelo,WELO/W282AS - Pulse 104.3 & 580 - Classic soul,Unknown Format
Mississippi,Tupelo,WTUP/W299CS- Tupelo's BIN 107.7 - Black-oriented news,Unknown Format
Mississippi,Columbus,WACR-FM,WACR 105.3
Mississippi,Columbus,WAJV,Joy 98.9
Mississippi,Columbus,WMSU,Power 92 Jamz
Mississippi,Columbus,WMXU,Mix 106.1
Mississippi,Columbus,WTWG - AM 1050 - Gospel,Unknown Format
Mississippi,Liberty,WAZA - The Touch WAZA - Urban adult contemporary,Unknown Format
Mississippi,Holly Springs,WKRA-FM - The Change 92.7 - Urban Gospel/Urban Contemporary,Unknown Format
Mississippi,Natchez,WNAT - Jam’n 106.3 - Rhythmic AC,Unknown Format
Mississippi,Natchez,WTYJ - 97.7 The Beat - Urban contemporary,Unknown Format
Missouri,Saint Louis,KATZ,Hallelujah 1600 AM
Missouri,Saint Louis,KSTL,Jubilee 690
Missouri,Saint Louis,KATZ-FM,100.3 The Beat
Missouri,Saint Louis,KATZ-HD2/W279AQ,St Louis’ BIN 103.7 - Black-oriented news
Missouri,Saint Louis,WFUN-FM,96.3 The Lou
Missouri,Saint Louis,WHHL,Hot 104.1
Missouri,Saint Louis,KTLK-FM HD-2 - Majic 104.9 HD-2 - Urban Adult Contemporary,Unknown Format
Missouri,Saint Louis,KSIQ-LP - Mix 99.5 - Urban Adult Contemporary,Unknown Format
Missouri,Saint Louis,KXBS-HD2,95.5 HD2 Jams
Missouri,Saint Louis,KXBS-HD3 - Foxy 106.9 - Urban adult contemporary,Unknown Format
Missouri,Saint Louis,KDRM-DB,Streetz 105.1
Missouri,Kansas City,KPRT,Gospel 1590 AM & 106.1 FM KPRT
Missouri,Kansas City,KCJK,Power 105.1
Missouri,Kansas City,KPRS,Hot 103 Jamz
Missouri,Kansas City,KPRS-HD2 - RNB 106.9 - Urban Adult Contemporary,Unknown Format
Missouri,Kansas City,KCPZ-LP - Praise 95.3 - Urban Gospel,Unknown Format
Missouri,Columbia/Jefferson City,KJLU,88.9
Missouri,Jackson/Cape Girardeau,KJXX - 101.9 The Block - Rhythmic Adult Contemporary,Unknown Format
Nebraska,Omaha,KOPW,Power 106-9
Nebraska,Omaha,KOWN-LP - 95.7 The Boss - Urban Contemporary/Hip Hop,Unknown Format
Nebraska,Omaha,KXNB-LP - Mind And Soul 101.3 - Urban Contemporary,Unknown Format
Nebraska,Omaha,KJSO-LP - 101.3 FM - Hip Hop (Shares time with KXNB-LP),Unknown Format
Nebraska,Omaha,KCUG-LP - 100.3 FM - Urban Gospel,Unknown Format
Nevada,Las Vegas,KCEP,Power 88FM
Nevada,Las Vegas,KOAS,Jammin' 105.7
Nevada,Las Vegas,KVEG,Hot 97.5
Nevada,Las Vegas,KYMT-HD2 - Real 103.9 - Urban Contemporary,Unknown Format
Nevada,Las Vegas,"KXQQ-FM - Q100.5 - Rhythmic Adult Contemporary
KXQQ-HD3 - 100.5 Jamz - Hip hop",Unknown Format
Nevada,Las Vegas,KXQQ-HD3 - 100.5 Jamz - Hip hop,Unknown Format
Nevada,Las Vegas,KRGT - Latino Beats 99.3 - Spanish Urban,Unknown Format
Nevada,Las Vegas,KRRN - Fuego 92.7 - Bilingual Rhythmic Contemporary,Unknown Format
Nevada,Las Vegas,KVGQ - 106.9 Da Bomb - Classic hip hop,Unknown Format
Nevada,Las Vegas,KBET - 103.1 The Hustle - Urban contemporary,Unknown Format
Nevada,Reno,KNEV - 95.5 The Vibe - Classic Hip Hop,Unknown Format
Nevada,Reno,KLCA HD-2/K285EQ/K228DA - Swag 104.9 & 93.5 - Urban Contemporary/Hip Hop,Unknown Format
Nevada,Reno,KWYL - Wild 102.9 - Rhythmic Top 40,Unknown Format
Nevada,Reno,KZTI - Kalor 105.3 - Spanish rhythmic,Unknown Format
New Hampshire,Concord,WEHA,88.7 - Urban Gospel
New Hampshire,Concord,WTTH,96.1 WTTH
New Hampshire,Concord,WZBZ,99.3 The Buzz
New Jersey,Atlantic City,WEHA,88.7 - Urban Gospel
New Jersey,Atlantic City,WTTH,96.1 WTTH
New Jersey,Atlantic City,WZBZ,99.3 The Buzz
New Jersey,Beach Haven West,WVBH - Reach Gospel Radio 88.3 FM - Urban gospel,Unknown Format
New Jersey,Trenton,WIFI - Maxima 92.9 - Spanish CHR,Unknown Format
New Mexico,Albuquerque/Santa Fe,KKSS,Kiss 97.3
New Mexico,Albuquerque/Santa Fe,"KMGG-LP - 99.9 The Beat - Urban adult contemporary
KMGG-LP HD-3 - Wild 99.9 HD-3 - Urban contemporary",Unknown Format
New Mexico,Albuquerque/Santa Fe,KMGG-LP HD-3 - Wild 99.9 HD-3 - Urban contemporary,Unknown Format
New Mexico,Albuquerque/Santa Fe,KABQ-FM - Hot 95.1 - Rhythmic Oldies / Classic hip hop,Unknown Format
New Mexico,Albuquerque/Santa Fe,KZRR HD-2/K265CA - Power 100.9 - Mainstream urban,Unknown Format
New Mexico,Albuquerque/Santa Fe,KYLZ - 101.3 The Hustle - Mainstream urban,Unknown Format
New Mexico,Albuquerque/Santa Fe,KJFA-FM - Fuego 102.9 - Hispanic rhythmic,Unknown Format
New Mexico,Albuquerque/Santa Fe,KLBU - Jam'n 94.7 - Rhythmic contemporary,Unknown Format
New Mexico,Las Cruces,KHQT - Hot 103.1 - Rhythmic Top 40,Unknown Format
New Mexico,Las Cruces,KSIL - Latin X 94.3 - Bilingual Rhythmic CHR,Unknown Format
New Mexico,Las Cruces,KWML - Kool 104.5 - Rhythmic adult contemporary,Unknown Format
New Mexico,Farmington,KXTC - 99.9 XTC - Rhythmic Top 40,Unknown Format
New York,New York City,WLIB,1190 WLIB
New York,New York City,WBLS,107.5 WBLS
New York,New York City,WKTU,KTU 103.5
New York,New York City,WQHT,Hot 97
New York,New York City,WWPR-FM,Power 105.1
New York,New York City,WWRL/WWPR-HD3 - New York's BIN 1600 - Black-oriented news,Unknown Format
New York,New York City,WXNY-FM - La X 96.3 - Hispanic rhythmic,Unknown Format
New York,New York City,WXBK - 94.7 The Block - Classic hip hop,Unknown Format
New York,New York City,WSKQ-FM - Mega 97.9 - Spanish tropical,Unknown Format
New York,New York City,WPAT-FM - 93.1 Amor - Spanish tropical,Unknown Format
New York,Buffalo,WUFO,Power 96.5
New York,Buffalo,WWWS,Classic R&B 107.3 FM & AM 1400
New York,Buffalo,WBLK,Power 93.7 WBLK
New York,Buffalo,WBLK-HD2,Urban adult contemporary
New York,Rochester,WDKX,103.9 WDKX
New York,Rochester,WKGS,106.7 KISS FM - Rhythmic Top 40
New York,Rochester,WLGZ-HD2 - 105.5 The Beat - Urban Contemporary,Unknown Format
New York,Rochester,WXIR-LP - 100.9 Extreme Independent Radio -  Urban variety,Unknown Format
New York,Rochester,WRSB - Mega 97.5 - Spanish CHR,Unknown Format
New York,Syracuse,WHEN/W269DT/WSYR-FM HD 2 ,Power 620
New York,Syracuse,WJPZ,Z89
New York,Syracuse,WMVN,96.5/100.3 The Beat
New York,Albany,WAJZ,Jamz 96.3
New York,Albany,WQBK-HD2,Hot 99.1
New York,Binghamton,WJOB-FM - 93.3 WJOB - Urban Contemporary,Unknown Format
New York,Utica,WUSP/WRCK - 95.5 The Heat - Urban contemporary,Unknown Format
North Carolina,Asheville,WRES-LP - WRES 100.7 - Urban Contemporary/Urban Variety,Unknown Format
North Carolina,Charlotte,WDEX,1430 AM
North Carolina,Charlotte,WPZS,Praise 100.9
North Carolina,Charlotte,WOSF,105.3 RNB
North Carolina,Charlotte,WBAV,V101.9
North Carolina,Charlotte,WFNZ ,102.5 The Block
North Carolina,Charlotte,WGIV/WDYT,1370 AM / 1220 AM / W277CB / W263CY / W281BY Streetz 103.3 & 100.5
North Carolina,Charlotte,WPEG,Power 98
North Carolina,Charlotte,WRFX-HD2/W254AZ - Charlotte's BIN 98.7 - Black-oriented news,Unknown Format
North Carolina,Charlotte,WOGR-FM - Wordnet 93.3 - Urban Gospel,Unknown Format
North Carolina,Charlotte,WGSP/WGSP-FM - Latina 102.3 y 107.5 - Spanish tropical,Unknown Format
North Carolina,Greensboro/Winston-Salem/High Point,WJMH,102 Jamz
North Carolina,Greensboro/Winston-Salem/High Point,WQMG - 97.1 QMG - Urban Adult Contemporary,Unknown Format
North Carolina,Greensboro/Winston-Salem/High Point,WKEW/WPOL,The Light 1340 & 1400
North Carolina,Greensboro/Winston-Salem/High Point,WBLO - Latina 106.9 - Spanish tropical,Unknown Format
North Carolina,Greensboro/Winston-Salem/High Point,"WNAA - The Voice 90.1 - R&B, Blues, Jazz, Urban Gospel, Variety",Unknown Format
North Carolina,Raleigh/Durham,WAUG,Hot 97.9 FM/750 AM
North Carolina,Raleigh/Durham,WDCG-HD2 - 95.1/95.3 The Beat - Classic Hip Hop,Unknown Format
North Carolina,Raleigh/Durham,WQOK,K 97.5
North Carolina,Raleigh/Durham,WFXC/WFXK,Foxy 107.1/104.3
North Carolina,Raleigh/Durham,WNNL - The Light 103.9 - Urban Gospel,Unknown Format
North Carolina,Fayetteville/Lumberton/Fairmont,WCCG,104.5
North Carolina,Fayetteville/Lumberton/Fairmont,WZFX,Foxy 99.1
North Carolina,Fayetteville/Lumberton/Fairmont,WMGU,Magic 106.9
North Carolina,Fayetteville/Lumberton/Fairmont,WUKS,107.7 The Bounce
North Carolina,Fayetteville/Lumberton/Fairmont,WIDU - 99.7 FM/1600 AM - Urban Gospel,Unknown Format
North Carolina,Fayetteville/Lumberton/Fairmont,WAGR - 97.1 FM/98.5FM/1340 AM - Urban Gospel,Unknown Format
North Carolina,Fayetteville/Lumberton/Fairmont,WFMO - The Light 97.5 FM/860 AM - Urban Gospel,Unknown Format
North Carolina,Wilmington,WMNX,Coast 97.3
North Carolina,Wilmington,WKXB,Jammin 99.9
North Carolina,New Bern/Greenville/Jacksonville/Moorehead City,WIKS,101.9 Kiss FM
North Carolina,New Bern/Greenville/Jacksonville/Moorehead City,WWMC,1010 AM
North Carolina,New Bern/Greenville/Jacksonville/Moorehead City,WFMC,730 AM
North Carolina,New Bern/Greenville/Jacksonville/Moorehead City,WNCT,Beach Boogie & Blues 1070 AM / 105.9 / 95.7 / 101.1 
North Carolina,New Bern/Greenville/Jacksonville/Moorehead City,WNBU - Groovin’ Oldies 94.1 & 97.9 - Rhythmic Oldies,Unknown Format
North Carolina,Rocky Mount/Wilson,WRSV - Choice FM 92.1 - Mainstream Urban,Unknown Format
North Carolina,Rocky Mount/Wilson,WPWZ - Power 95.5 - Mainstream Urban,Unknown Format
North Carolina,Rocky Mount/Wilson,"WYLT-LP - Smooth Radio 100.3 - Urban oldies, Southern soul",Unknown Format
North Carolina,Rocky Mount/Wilson,WAJA-LP - 102.5 The Promise - Urban Gospel,Unknown Format
North Carolina,Rocky Mount/Wilson,WCPS - Power 96.3 FM/760 AM,"Urban Gospel, Urban Oldies, Southern Soul"
North Carolina,Rocky Mount/Wilson,WRMT - Step 98.1 FM/1490 AM - Urban Gospel,Unknown Format
North Carolina,Rocky Mount/Wilson,WEED - Jammin Gospel 1390 AM,Urban Gospel
North Carolina,Rocky Mount/Wilson,WUBN-LP - 106.9 The Spirit,Urban Gospel
North Carolina,Rocky Mount/Wilson,WZAX - 99.3 The Beach - Beach music,Unknown Format
North Carolina,Warrenton,WARR 103.5 FM/1520 AM,"Urban Gospel, Urban Oldies, Southern Soul"
North Carolina,Louisburg,"WYRN 106.9 FM/1480 AM - Urban Gospel, Urban Oldies, Southern Soul",Unknown Format
North Carolina,Elizabeth City/Nags Head,WFMZ 104.9 The Block,Classic Hip Hop
North Carolina,Elizabeth City/Nags Head,WBXB 100.1 The B,Urban Adult Contemporary
North Carolina,Elizabeth City/Nags Head,WFMI Rejoice 100.9 - Urban Gospel,Unknown Format
North Carolina,Elizabeth City/Nags Head,WRVS-FM - 89.9 - Urban Contemporary,Unknown Format
North Carolina,Goldsboro/Kinston,WFMC Gospel 105.7 FM/730 AM - Urban Gospel,Unknown Format
North Carolina,Goldsboro/Kinston,WWMC Gospel 92.9 FM/1010 AM - Urban Gospel,Unknown Format
North Carolina,Goldsboro/Kinston,WSSG 92.7 Jamz FM/1300 AM - Mainstream Urban,Unknown Format
North Carolina,Goldsboro/Kinston,WELS-FM Beach Boogie & Blues 102.9 - Rhythmic Oldies,Unknown Format
North Carolina,Roanoke Rapids,WYTT/WWDR 99.5 & 105.9 Jamz - Urban Adult Contemporary,Unknown Format
North Carolina,Roanoke Rapids,"WCBT Soul 102.7/1230AM - Urban Gospel, Urban Oldies, Southern Soul",Unknown Format
North Carolina,Canton,"WXKL - Urban Gospel, Urban Oldies",Unknown Format
North Dakota,Fargo,KLTA-HD2/K245BY - 96.9 Hits FM - Rhythmic Top 40,Unknown Format
Ohio,Cleveland,WENZ,Z-107.9
Ohio,Cleveland,WZAK,93.1 WZAK
Ohio,Cleveland,WAKS-HD2 - Real 106.1 - Urban contemporary,Unknown Format
Ohio,Cleveland,WJMO,Praise 94.5
Ohio,Cleveland,WMMS-HD2/W256BT - Cleveland's BIN 99.1 - Black-oriented news,Unknown Format
Ohio,Cleveland,WABQ - AM 1460 - Urban gospel,Unknown Format
Ohio,Cleveland,WCCD - Radio 1000 - Gospel/Religious,Unknown Format
Ohio,Cleveland,WERE - NewsTalk 1490 - Urban talk/Brokered programming,Unknown Format
Ohio,Cincinnati,WIZF,101.1 The Wiz
Ohio,Cincinnati,WOSL,100.3 R&B
Ohio,Cincinnati,WEBN-HD3,102.3 The Beat
Ohio,Cincinnati,WGRI,Inspiration 1050 & 103.1
Ohio,Cincinnati,WDBZ,The Buzz 1230 AM
Ohio,Cincinnati,WCVG - 1320 The Voice - Urban Gospel/Brokered Programming,Unknown Format
Ohio,Columbus,WZCB,106.7 The Beat
Ohio,Columbus,WZCB HD-2 - Throwback 105.3 - Classic Hip Hop,Unknown Format
Ohio,Columbus,WCKX / WHTD,Power 107.5/106.3
Ohio,Columbus,WXMG,Magic 95.5
Ohio,Columbus,WYTS - Columbus’ BIN 1230 - Black-oriented news,Unknown Format
Ohio,Columbus,WJYD,Joy 107.1 - Black Gospel
Ohio,Dayton,WDHT,Hot 102.9
Ohio,Dayton,WROU-FM,92.1 WROU
Ohio,Dayton,WDAO,WDAO 1210 AM
Ohio,Dayton,WHKO-HD3,The Soul of Dayton 98.7
Ohio,Dayton,WIZE - Dayton's BIN 1340 - Black-oriented news,Unknown Format
Ohio,Toledo,WJZE,Hot 97-3
Ohio,Toledo,WJUC,107.3 the Juice
Ohio,Toledo,WIMX,Mix 95.7
Ohio,Toledo,WVKS-HD2 ,94.9 The Beat
Ohio,Youngstown,WGFT,Star 94.7
Ohio,Youngstown,WLOA - Loud 102.3 - Rhythmic contemporary/Hip Hop,Unknown Format
Ohio,Youngstown,WAKZ - Real 95.9 - Mainstream urban,Unknown Format
Ohio,Youngstown,WKTX - 99.7 The Drum - Urban oldies/Urban contemporary gospel,Unknown Format
Ohio,Middleport,WMPO - 94Q FM - Rhythmic Top 40,Unknown Format
Ohio,Englewood,WGJM-LP - 97.9 Praise FM - Urban gospel,Unknown Format
Oklahoma,Oklahoma City,KRMP,Heart & Soul 92.1 & 1140
Oklahoma,Oklahoma City,KTLV,AM 1220
Oklahoma,Oklahoma City,KVSP,Power 103.5
Oklahoma,Oklahoma City,KOMA-HD3 - V103 - Rhythmic adult contemporary,Unknown Format
Oklahoma,Tulsa,KGTO,Heart & Soul 99.1 & 1050
Oklahoma,Tulsa,KJMM,105.3 - 105 K-Jamz
Oklahoma,Lawton,KJMZ,97.9 Jamz
Oklahoma,Lawton,KKRX,Heart & Soul 96.7 & 1380
Oklahoma,Langston,KALU,89.3
Oregon,Portland,KBMS,Best Music Station AM 1480
Oregon,Portland,KXJM,Jam'n 107.5
Oregon,Portland,KINK HD-2/K275CH - WE 102.9 - Rhythmic Top 40/Hip Hop,Unknown Format
Oregon,Portland,KOOR - 1010 Urbana - Spanish rhythmic,Unknown Format
Oregon,Klamath Falls,KKKJ - 3KJ Jammin 105.5 - Rhythmic CHR,Unknown Format
Pennsylvania,Easton/Allentown/Bethlehem,WEST/WHOL - Loud 106.9/99.5 - Rhythmic Contemporary/Hip Hop,Unknown Format
Pennsylvania,Easton/Allentown/Bethlehem,WTKZ - Mega 101.7 - Spanish CHR,Unknown Format
Pennsylvania,Erie,WXKC HD-2 - 104.3 The Vibe - Classic Hip Hop,Unknown Format
Pennsylvania,Harrisburg,WHKF - Real 99.3 - Urban Contemporary,Unknown Format
Pennsylvania,Harrisburg,WWKL - Hot 106.7 - Rhythmic Contemporary,Unknown Format
Pennsylvania,Philadelphia,WURD,AM 900
Pennsylvania,Philadelphia,WPPZ,Classix 107.9
Pennsylvania,Philadelphia,WPPZ-HD2 - Praise 107.9 HD2 - Urban contemporary gospel,Unknown Format
Pennsylvania,Philadelphia,WDAS-FM,105.3 WDAS
Pennsylvania,Philadelphia,WRNB,100.3 RNB
Pennsylvania,Philadelphia,WRNB HD-2 - 100.3 HD2 R&B & Hip-Hop - Urban contemporary,Unknown Format
Pennsylvania,Philadelphia,WRNB HD-3 - Philly's Favor 100.7 - Urban contemporary gospel,Unknown Format
Pennsylvania,Philadelphia,WUSL,Power 99FM
Pennsylvania,Philadelphia,WTEL - Philadelphia’s BIN 610 - Black-oriented news,Unknown Format
Pennsylvania,Philadelphia,WUMR - Rumba 106.1 - Spanish CHR,Unknown Format
Pennsylvania,Philadelphia,WEMG - Mega 105.7 - Spanish CHR,Unknown Format
Pennsylvania,Philadelphia,WHAT - La Kalle 99.9 - Spanish tropical,Unknown Format
Pennsylvania,Philadelphia,WPEN-HD3 - RITMO FM - Spanish tropical,Unknown Format
Pennsylvania,Pittsburgh,WGBN,Power 1360  98.9 FM
Pennsylvania,Pittsburgh,WAMO - WAMO 107.3 - Urban Contemporary/Hip Hop,Unknown Format
Pennsylvania,Reading,WLAN - Rumba 100.5 - Spanish tropical,Unknown Format
Pennsylvania,Reading,WRLD - Loud 98.5 - Rhythmic Contemporary/Hip Hop,Unknown Format
Pennsylvania,State College,WRSC HD-3 - Loud 101.5 - Rhythmic Contemporary/Hip Hop,Unknown Format
Pennsylvania,York,WGLD - Mega 107.1 - Spanish CHR,Unknown Format
Rhode Island,Providence,WWKX,Hot 106
Rhode Island,Providence,WSTL - Mega 94.9 - Spanish tropical,Unknown Format
Rhode Island,Providence,WPMZ - Poder 102.1 & 1110 - Spanish tropical,Unknown Format
South Carolina,Greenville/Spartanburg/Anderson,WJMZ-HD3 - Streetz 99.5 - Mainstream Urban,Unknown Format
South Carolina,Greenville/Spartanburg/Anderson,WFBC-HD2 96.3/104.5/107.7 The Block - Mainstream Urban,Unknown Format
South Carolina,Greenville/Spartanburg/Anderson,WJMZ,107.3 Jamz
South Carolina,Greenville/Spartanburg/Anderson,WHZT - Hot 98.1 - Rhythmic Top 40,Unknown Format
South Carolina,Greenville/Spartanburg/Anderson,"WXRU-LP - Smooth 107.9 - Rhythmic Oldies, Urban Oldies",Unknown Format
South Carolina,Greenville/Spartanburg/Anderson,WGVL - Greenville's BIN 1440 - Black-oriented news,Unknown Format
South Carolina,Greenville/Spartanburg/Anderson,WASC - 1530 Solid Gold Soul - Urban Oldies,Unknown Format
South Carolina,Charleston,WJNI,Gospel 106.3
South Carolina,Charleston,WSPO - Heaven 100.1 - Urban Gospel,Unknown Format
South Carolina,Charleston,WWWZ - Z93 Jamz - Mainstream Urban,Unknown Format
South Carolina,Charleston,WJNI-HD2 - Old school 92.1 - Classic Hip Hop,Unknown Format
South Carolina,Charleston,WMGL,Magic 107.3
South Carolina,Charleston,WXST,Star 99.7
South Carolina,Charleston,WXST-HD2 - 99.3 The Box - Mainstream Urban,Unknown Format
South Carolina,Charleston,WZJY - Latina 95.5 - Spanish tropical,Unknown Format
South Carolina,Columbia,WFMV,Gospel 620 AM 96.1/98.9/107.1
South Carolina,Columbia,WDEK - Praise 95.7 & 1170 - Urban Gospel,Unknown Format
South Carolina,Columbia,WJTB-HD2 - 105.1Worship and Word Network - Urban Gospel,Unknown Format
South Carolina,Columbia,WXBT,100.1 The Beat
South Carolina,Columbia,WXBT HD-2 - Columbia's BIN 105.5 - Black-oriented news,Unknown Format
South Carolina,Columbia,WHXT/WSCZ,Hot 103.9/93.9
South Carolina,Columbia,WLXC,Kiss 103.1
South Carolina,Columbia,WWDM,101.3 The Big DM
South Carolina,Myrtle Beach,WMIR,Rejoice 1200 AM/103.5
South Carolina,Myrtle Beach,WPJS,Gospel 1330 AM
South Carolina,Myrtle Beach,WDAI,98.5 Kiss FM
South Carolina,Florence,WBZF / WYNN,Glory 98.5 FM/540 AM
South Carolina,Florence,WJAY - 98.3 FM/1280 AM - Urban Gospel,Unknown Format
South Carolina,Florence,WALD - 98.7 FM/1080 AM - Urban Gospel,Unknown Format
South Carolina,Florence,WPDT,Almighty 105.1
South Carolina,Florence,WCMG,Magic 94.3
South Carolina,Florence,WZTF,The Flo 102.9
South Carolina,Florence,WYNN,WYNN 106.3
South Carolina,Florence,WDAR-FM,105.5 The Beat
South Carolina,Florence,WSIM-HD2 - Jamz 107.5 - Classic Hip Hop,Unknown Format
South Carolina,Sumter,WXHL - Reach Gospel Radio 89.1 - Urban Gospel,Unknown Format
South Carolina,Sumter,WLJI,Almighty 98.3
South Carolina,Sumter,WWHM,Old Skool 93.3/92.3
South Carolina,Orangeburg,WOCS,93.7
South Carolina,Orangeburg,WQKI-FM,Jamz 95.7
South Carolina,Orangeburg,WSPX,Almighty 94.5
South Carolina,Camden,WEAF - 1130 AM/99.5 - Urban Gospel,Unknown Format
South Carolina,St. Stephen,WTUA,Power 106
South Carolina,Beaufort,WVGB - Praise 94.5/1490 AM -Urban Gospel,Unknown Format
South Carolina,Beaufort,WKWQ - 100.7 -Urban Adult Contemporary,Unknown Format
South Carolina,Greenwood,WCZZ - Magic 102.7/1090 AM - Urban Oldies,Unknown Format
South Carolina,Denmark,"WVCD - 96.5 FM/790 AM - Urban Adult Contemporary, Urban Gospel",Unknown Format
South Carolina,Chester,WGCD - Urban adult contemporary,Unknown Format
Tennessee,Memphis,WBBP,AM 1480 - Urban Gospel
Tennessee,Memphis,WDIA,WDIA AM1070
Tennessee,Memphis,WLOK,1340 WLOK
Tennessee,Memphis,WLRM,Love WLRM 1380AM
Tennessee,Memphis,KJMS,V-101.1
Tennessee,Memphis,KJMS-HD2 - Black Information Network - Black-oriented news,Unknown Format
Tennessee,Memphis,KXHT,Hot 107.1
Tennessee,Memphis,WHAL-FM,Hallelujah 95.7
Tennessee,Memphis,WHRK,K-97.1
Tennessee,Memphis,WRBO,103.5 WRBO
Tennessee,Memphis,WQOX - 88.5 The Voice Of MSCS - Urban Adult Contemporary,Unknown Format
Tennessee,Memphis,WHBQ-HD2 - Bumpin 96.3 - Classic hip hop,Unknown Format
Tennessee,Nashville,WNTC - 790 AM & 104.9 FM The Gospel - Urban Gospel,Unknown Format
Tennessee,Nashville,WVOL,WVOL 1470 AM
Tennessee,Nashville,WQQK,92Q
Tennessee,Nashville,WUBT,101.1 The Beat
Tennessee,Nashville,WPRT-HD2 - 102.1 The Ville - Urban adult contemporary,Unknown Format
Tennessee,Nashville,WNRQ-HD2/W248BQ - Nashville's BIN 97.5 - Black-oriented news,Unknown Format
Tennessee,Knoxville,WJBE,Jammin' 99.7 FM & 1040 AM
Tennessee,Knoxville,WKHT,Hot 104.5
Tennessee,Knoxville,WTLT - Lit 97.1 - Urban contemporary,Unknown Format
Tennessee,Chattanooga,WNOO,107.3 FM & 1260 AM
Tennessee,Chattanooga,WJTT,Power 94
Tennessee,Chattanooga,WMPZ,G93
Tennessee,Chattanooga,WUSY HD-2 - Real 97.7 - Mainstream Urban,Unknown Format
Tennessee,Chattanooga,WPTP-LP 100.1 - Urban Gospel,Unknown Format
Tennessee,Jackson,WFKX,KIX 95.7
Tennessee,Jackson,WYJJ,JJ 97.7
Tennessee,Jackson,WJAK - Hot 96.1 - 96.1/1460 - Urban contemporary,Unknown Format
Tennessee,Johnson City,WWTB,105.3 The Beat
Texas,Dallas/Fort Worth,KGGR,KGGR 1040AM
Texas,Dallas/Fort Worth,KHVN/KKGM/K237HD,Dallas’ BIN
Texas,Dallas/Fort Worth,KBFB,97.9 The Beat
Texas,Dallas/Fort Worth,KKDA-FM,K104
Texas,Dallas/Fort Worth,KRNB,Smooth R&B 105.7
Texas,Dallas/Fort Worth,KZMJ,Majic 94.5
Texas,Dallas/Fort Worth,KDXX/KESS-FM - Latino Mix 107.9/107.1 - Spanish rhythmic,Unknown Format
Texas,Houston,KCOH,1230 The Source
Texas,Houston,KYOK,KYOK AM 1140 & FM 92.3
Texas,Houston,KWWJ,Gospel 96.9 FM & 1360 AM KWWJ
Texas,Houston,KBXX,97.9 The Box
Texas,Houston,KMJQ,Majic 102.1
Texas,Houston,KQBT,93.7 The Beat
Texas,Houston,KMAZ-LP - Amazing 102.5 - Urban Adult Contemporary/Urban Gospel,Unknown Format
Texas,Houston,KXYZ - Houston's BIN 1320 - Black-oriented news,Unknown Format
Texas,Houston,KAMA-FM - Latino Mix 104.9 - Spanish rhythmic,Unknown Format
Texas,Houston,KROI/KMJQ HD-2 - Praise 92.1 & 102.1 HD-2 - Urban Gospel,Unknown Format
Texas,San Antonio,KCHL,Gospel 92.1 FM & 1480 AM
Texas,San Antonio,KRTU-HD2/KROV-FM,91.7 HD-2 KROV-FM
Texas,San Antonio,KBBT,98.5 The Beat
Texas,San Antonio,KTFM-HD2/K233DB - We 94.5 - Rhythmic Contemporary/Hip Hop,Unknown Format
Texas,San Antonio,KVBH - Vibe 107.5 - Rhythmic Adult Contemporary,Unknown Format
Texas,San Antonio,KZEP-FM - 104.5 Latino Hits - Spanish CHR,Unknown Format
Texas,Austin,KAZI,KAZI 88.7
Texas,Austin,KKMJ-HD3/K240EL,Hot 95.9 
Texas,Austin,KPEZ,102.3 The Beat
Texas,Austin,KGSR - Latino 93.3 - Spanish rhythmic,Unknown Format
Texas,Beaumont/Port Arthur,KZZB,"KZZB, Rejoice 990"
Texas,Beaumont/Port Arthur,KTCX,Magic 102.5
Texas,Beaumont/Port Arthur,KKMY,104.5 KISS-FM
Texas,Beaumont/Port Arthur,KKMY HD-2/K277AG,103.3 The Beat
Texas,Amarillo,KQIZ-FM,93.1 The Beat
Texas,Abilene,KTJK-HD2 - Infinity FM - Rhythmic Top 40,Unknown Format
Texas,Lubbock,KBTE,104.9 The Beat
Texas,Lubbock,KLZK-HD2/K222CQ, 92.3 The Vibe
Texas,Killeen/Temple,KIIZ-FM,Z92.3
Texas,Killeen/Temple,KSSM,My Kiss 103.1
Texas,Killeen/Temple,KOOC,B106
Texas,Odessa/Midland,KZBT,B93
Texas,Wichita Falls,KQXC-FM,Hot 103.9
Texas,Corpus Christi,KZFM,Hot Z95
Texas,Corpus Christi,KNDA,102.9 Da Bomb
Texas,Corpus Christi,KOUL - Fuego Radio 107.7 & 103.3 - Bilingual Rhythmic CHR,Unknown Format
Texas,El Paso,KPRR,Power 102
Texas,El Paso,KPRR-HD2 - Hot 93.5 - Rhythmic Oldies/Classic Hip Hop,Unknown Format
Texas,McAllen/Brownsville/Harlingen,KBFM,Wild 104
Texas,McAllen/Brownsville/Harlingen,KKPS - Fuego 99.5 - Bilingual Rhythmic CHR,Unknown Format
Texas,Tyler/Longview,KGLD - Gospel 1330 & 104.9 - Urban Gospel (Tyler),Unknown Format
Texas,Tyler/Longview,KBLZ / KAZE,102.7 / 106.9 The Blaze
Texas,Tyler/Longview,KISX,107.3 Kiss-FM
Texas,Lufkin/Nacogdoches,KZXL - Hot 96.3 - Urban Contemporary,Unknown Format
Texas,Lufkin/Nacogdoches,KSML - Power 103.7 - Urban Gospel,Unknown Format
Texas,Texarkana,KZRB,B103.5
Texas,Texarkana,KTOY,104.7 KTOY
Texas,Texarkana,KMJI - Majic 93.3 - Urban Contemporary,Unknown Format
Texas,Waco,KWBT,Magic 94.5
Texas,Waco,KBGO-HD2/K236BR - Z95.1 - Urban contemporary,Unknown Format
Texas,Waco,KBHT-HD4/K297CC - The Beat 107.3 - Urban contemporary/Hip-Hop,Unknown Format
Texas,Jacksonville,KJTX,104.5 KJTX
Texas,San Angelo,KMDX - 106.1 MDX - Rhythmic contemporary,Unknown Format
Texas,Bryan/College Station,KBXT - 101.9 The Beat - Urban Contemporary,Unknown Format
Utah,Salt Lake City,KUUU,92.5 The Beat
Utah,Salt Lake City,KBMG - Latino 106.3 - Spanish CHR,Unknown Format
Vermont,Burlington,WGPL,WGPL 1350 AM
Vermont,Burlington,WPCE,Peace Radio 1400 AM - Urban contemporary gospel
Vermont,Burlington,WFMI,Rejoice 100.9FM
Vermont,Burlington,WHBT-FM,92.1 The Beat
Vermont,Burlington,WNVZ,Z104
Vermont,Burlington,WMTO-LD/WXTG-FM - Streetz 87.7 & 102.1 - Urban contemporary,Unknown Format
Vermont,Burlington,WNSB,Hot 91.1
Vermont,Burlington,WOWI,103 Jamz
Vermont,Burlington,WVKL,95-7 R&B
Vermont,Burlington,WNOH - Norfolk's BIN 105.3 - Black-oriented news,Unknown Format
Vermont,Burlington,WVBW-FM - 100.5 The Vibe - Urban adult hits,Unknown Format
Vermont,Burlington,WVXX - La Selecta 103.3 FM 1050 AM - Spanish tropical,Unknown Format
Virginia,Norfolk/Virginia Beach/Newport News,WGPL,WGPL 1350 AM
Virginia,Norfolk/Virginia Beach/Newport News,WPCE,Peace Radio 1400 AM - Urban contemporary gospel
Virginia,Norfolk/Virginia Beach/Newport News,WFMI,Rejoice 100.9FM
Virginia,Norfolk/Virginia Beach/Newport News,WHBT-FM,92.1 The Beat
Virginia,Norfolk/Virginia Beach/Newport News,WNVZ,Z104
Virginia,Norfolk/Virginia Beach/Newport News,WMTO-LD/WXTG-FM - Streetz 87.7 & 102.1 - Urban contemporary,Unknown Format
Virginia,Norfolk/Virginia Beach/Newport News,WNSB,Hot 91.1
Virginia,Norfolk/Virginia Beach/Newport News,WOWI,103 Jamz
Virginia,Norfolk/Virginia Beach/Newport News,WVKL,95-7 R&B
Virginia,Norfolk/Virginia Beach/Newport News,WNOH - Norfolk's BIN 105.3 - Black-oriented news,Unknown Format
Virginia,Norfolk/Virginia Beach/Newport News,WVBW-FM - 100.5 The Vibe - Urban adult hits,Unknown Format
Virginia,Norfolk/Virginia Beach/Newport News,WVXX - La Selecta 103.3 FM 1050 AM - Spanish tropical,Unknown Format
Virginia,Richmond,WPZZ,Praise 104.7
Virginia,Richmond,WREJ - Rejoice 101.3/990AM - Urban contemporary gospel,Unknown Format
Virginia,Richmond,WBTJ,106.5 The Beat
Virginia,Richmond,WCDX,iPower 92-1/104-1
Virginia,Richmond,WKJS/WKJM,99.3/105.7 Kiss FM
Virginia,Richmond,WXGI/WTPS - 99.5/102.7 The Box - Classic Hip Hop,Unknown Format
Virginia,Richmond,WQCN-LP - The Choice 105.3FM - Gospel,Unknown Format
Virginia,Roanoke/Lynchburg,WLLL,Gospel Radio AM930
Virginia,Roanoke/Lynchburg,WVBE-FM and WVBB,Vibe 100.1 & 97.7
Virginia,Roanoke/Lynchburg,WROV-HD2/W244AV - Roanoke's BIN 96.7 - Black-oriented news,Unknown Format
Virginia,Roanoke/Lynchburg,WJJS/WJJX - 93.5 & 102.7 JJS Rhythmic Top 40,Unknown Format
Virginia,Lawrenceville,"WHLQ - Mix 105.5 - Urban contemporary gospel, Urban oldies, Southern soul",Unknown Format
Virginia,South Hill,WSHV - 967WSHV - Urban oldies,Unknown Format
Virginia,Charlottesville,WVAI-LP - 101 Jamz - Urban contemporary,Unknown Format
Virginia,Hampton Roads,WHOV,88.1 WHOV
Virginia,Hampton Roads,WTJZ/W223CT/W285FM - Praise 104.9 - Urban gospel,Unknown Format
Virginia,Hampton Roads,WXTG - The Groove - Classic soul/Urban oldies,Unknown Format
Virginia,Pulaski,WBLB - Family 1340 - Southern gospel/Black gospel,Unknown Format
Virginia,Danville,WDVA - Black gospel,Unknown Format
Virginia,Danville,WKBY - Inspirational 1080 - Black gospel/Religious,Unknown Format
Virginia,Marion,WHNK - Praise N’ Glory Radio - Black gospel,Unknown Format
Virginia,Franklin,WJZU - Praise 99.1FM & 1250AM - Black gospel,Unknown Format
Virginia,South Boston,WSBV - Black gospel,Unknown Format
Washington,Seattle/Tacoma,KHHO - Seattle's BIN 850 - Black-oriented news,Unknown Format
Washington,Seattle/Tacoma,KYIZ,1620 - Z-Twins
Washington,Seattle/Tacoma,KRIZ,1420 - Z-Twins
Washington,Seattle/Tacoma,KHTP,HOT 103.7
Washington,Seattle/Tacoma,KUBE-HD2 - KUBE 93.3 HD2 - Urban Contemporary,Unknown Format
Washington,Spokane,KEZE,Hot 96.9
Washington,Spokane,KZFS - Hooptown 101.5 - Classic hip hop,Unknown Format
Washington,Yakima,KHHK,Hot 99.7
West Virginia,Charleston,WRVZ - 107.3 The Beat,Rhythmic contemporary
West Virginia,Martinsburg,WDLD - Live 96.7 - Rhythmic Top 40,Unknown Format
West Virginia,Mount Pleasant,WTHQ - 94Q FM - Rhythmic Top 40,Unknown Format
Wisconsin,Madison,WJQM,93.1 Jamz
Wisconsin,Milwaukee,WGLB - WGLB 1560 AM & 96.1 FM - Urban Gospel,Unknown Format
Wisconsin,Milwaukee,WJMR-FM,Jammin' 98.3
Wisconsin,Milwaukee,WKKV,V-100.7
Wisconsin,Milwaukee,WNOV,The Voice 106.5 & 860
Wisconsin,Milwaukee,WXSS HD-2 - Hot 105.7 - Urban Contemporary/Hip Hop,Unknown Format
Wisconsin,Milwaukee,WGKB - 101.7 The Truth,Black talk
Wyoming,Cheyenne,KARS-FM - Power 102.9 - Rhythmic Top 40/Hip Hop,Unknown Format
